2758,1,0
427,1,0
705,1,-4
2525,1,0
4374,1,0
2203,1,558
3074,1,448
4817,1,0
4677,1,1196.7
4678,1,444.2
2914,1,105
332,1,652
4048,1,4
444,1,95
5076,1,-2
333,1,1241
1808,1,239
1150,1,-10
1130,1,-2
226,1,1161
4778,1,7
4853,1,14
5118,1,404
5119,1,-2148
662,1,16267
5115,1,-70
141,1,50
4233,1,-13
883,1,41
1308,1,42
3697,1,47
1336,1,7
553,1,-1
667,1,10095.2
664,1,11862.5
665,1,8418
746,1,47
645,1,32
818,1,14
878,1,339
5161,1,0
775,1,1
637,1,55
757,1,0
817,1,12
819,1,26
897,1,64
3512,1,66
4061,1,9343
800,1,0
2726,1,343
2788,1,58
5162,1,339
4771,1,72
4740,1,32
192,1,1314
5128,1,5
828,1,0
827,1,9
725,1,12
829,1,-2
937,1,20
3420,1,0
666,1,25994.4
1302,1,185
4668,1,328
670,1,16004.5
4603,1,0
4150,1,40
1412,1,2875
5163,1,-651
5127,1,6
3142,1,-28
3148,1,-161
861,1,43
859,1,21
644,1,20
740,1,51
1435,1,529
748,1,2141.9
2779,1,1319
3887,1,22
3401,1,4
4049,1,0
360,1,376
256,1,1455
389,1,88
4469,1,-4
728,1,331
648,1,411
801,1,220
4107,1,-525
3920,1,0
5160,1,1
326,1,2599
345,1,2096
561,1,0
552,1,0
271,1,1374
3144,1,-52
4051,1,-15
258,1,355
3076,1,314
4737,1,74
4738,1,115
4870,1,22
4756,1,0
4755,1,9
4765,1,10
4777,1,29
660,1,5757.6
1303,1,283
810,1,330
641,1,356
3913,1,-6
888,1,261
3494,1,-12
1747,1,-8
1749,1,52
5170,1,-14
2564,1,-32
4605,1,-118
5121,1,-1110
177,1,-19
4151,1,21453
2716,1,0
2780,1,253
1409,1,13
5172,1,0
1361,1,101
1313,1,149
1607,1,7
5173,1,7
1759,1,23
1352,1,-50
147,1,66
5174,1,0
5139,1,234
5167,1,-5
5140,1,213
5142,1,21
5150,1,263
5151,1,283
4070,1,-224
5176,1,68
5168,1,0
113,1,-40
4739,1,26
1451,1,28
2789,1,10
2803,1,277
1863,1,0
2569,1,-317
2484,1,-101
2485,1,62
2589,1,-29
4383,1,1
1816,1,33
743,1,11
863,1,20
846,1,30
3733,1,0
4767,1,34
3157,1,710
1388,1,7
3190,1,-16
4512,1,100
411,3,-1
1894,1,107
669,1,10807.74
672,1,3847.5
233,1,1284
5148,1,16
4064,1,9
3951,1,165
5189,1,-6
1294,1,52
3978,1,-50
364,1,131
1445,1,55
5191,1,-197
686,1,3
3944,3,-59
2769,1,18
748,3,-439.7
1412,3,-190
2581,3,-15
5132,1,2
3156,1,403
4060,1,12444
4052,1,18570
5100,1,268.3
4653,1,112
5162,3,-435
668,1,18714
3139,3,5
1830,3,8
4109,1,3763
726,1,-146
1399,1,81
4782,1,6
1327,1,259
1436,1,36
346,1,968
745,1,439
806,1,283
3955,3,-219
4382,1,0
3510,1,8
5195,1,48
5200,1,83
713,1,-2
665,3,1100.5
5090,3,-104.5
5091,3,34
5199,1,30
2923,3,35
52,1,134
51,1,10
2921,3,50
5067,3,-15
4610,1,-21
5066,3,-21
3161,1,-47
2767,1,-25
1363,3,-4
2726,3,50
558,3,-6
4148,1,12266
557,3,-20
4514,1,8
3188,1,-3
749,1,2222.25
5198,1,-28
4750,1,9
3113,1,6
4991,1,-3
3975,3,-5
3973,3,-4
739,3,13
5200,3,23
4610,3,-5
4605,3,-24
3066,1,-5
678,3,-100
3215,3,-24
5121,3,-112
3157,3,127
4748,1,49
4805,1,0
4916,1,-8
3017,1,-1730.3
4336,3,33
1388,3,7
573,1,1
988,1,8
838,1,28
3527,3,-2
4426,1,4
181,1,0
887,1,89
1391,1,-5
3938,1,-8
70,1,-106
2631,1,47
71,1,622
2624,1,48
2598,1,48
2593,1,21
5181,1,4
446,1,45
671,1,14773
1945,3,-5
5204,3,-325
674,1,2388
4514,3,6
644,3,16
1883,3,2
2998,1,0
4581,3,-6
5122,1,12513
2176,1,165
747,3,-424.6
1383,1,7
2312,1,2
5064,1,-8
2222,1,85
3402,3,-7
1636,1,126
1382,1,8
1413,1,2471
1435,3,34
78,1,1584.5
647,1,3
858,1,26
739,1,23
889,1,-44
4486,1,-1
3962,3,-16
925,1,84
5221,1,0
1799,1,90
5091,1,175.3
3486,1,72
5222,1,0
5178,1,0
2802,1,-1408
672,3,675.8
1444,3,0
4426,3,14
4732,3,4
3958,3,3
3834,3,-17
3521,3,-4
2579,3,-4
4472,3,-1
84,1,1126.5
37,1,436
724,1,-19
86,1,1371.9
3078,1,63
1293,1,29
2616,3,0
5086,3,-8
2219,3,9
673,1,10022.3
4059,1,13138
2534,3,2
3322,1,-1
171,1,-2
4431,1,0
4523,1,-100
4050,1,6400
4676,1,1103
1751,1,80
5228,1,184
2782,3,-38
633,1,52
5227,1,0
1364,1,273
1326,1,391
270,3,252
4110,3,-537
1750,3,-37
3140,3,-3
902,1,20
661,1,5080.5
2219,1,11
276,1,1845
554,1,52
5086,1,-32
2204,1,402
1441,1,171
3898,3,-70
890,1,172
5014,1,-20
3811,3,-13
5003,1,-25
3950,3,-29
3757,3,-1
751,1,3081.5
5149,1,147
5141,1,111
5153,1,105
5152,1,147
1724,1,300
5204,1,161
4381,1,-1
860,1,16
778,1,32
707,3,19
1434,1,483
325,1,3675
344,1,3153
4732,1,4
3962,1,-56
327,1,1331
272,1,1578
343,3,-125
1346,1,-1
1343,1,244
840,1,162
3079,1,62
3077,1,54
1421,1,-488
140,1,132
4148,3,-57
5120,3,-2
4147,3,328
5236,1,12
5237,1,-531
3155,1,731
2756,3,-1357
5238,3,131
2615,1,5
547,1,7
571,1,101
4108,1,0
5245,1,118
5108,1,129
5105,1,122.7
331,1,846
348,1,748
5246,1,-44
5247,1,14
1414,1,1418
1806,1,3
5027,1,98
4649,1,7
1303,3,57
2140,3,5
2177,1,714
2223,1,38
4660,1,104
1402,1,187
545,1,100
3883,3,-27
2764,1,176
2921,1,321
1951,1,68
152,1,16
227,1,722
225,1,1402
1409,3,12
4054,1,8981
1294,3,59
3401,3,-203
669,3,457.1
2770,1,-68
2616,1,2
2434,1,0
3535,3,-9
823,1,-3
4945,1,0
5254,1,76
5256,1,-2
1321,1,6
1355,1,10
142,1,49
3693,1,0
2963,1,15
1725,3,-4
2979,1,115
5255,1,62
5257,1,-2
3856,1,0
1080,3,-3
4525,1,574
172,3,5
1619,1,4
3707,1,0
4498,3,3
3783,3,-1
5193,1,0
5194,1,42
799,1,0
1387,1,0
5177,1,0
4738,3,23
3191,3,-46
3156,3,137
5202,1,-1
87,3,313
5102,3,-579.5
165,1,218
3171,3,-5
3212,3,-2
667,3,803.7
3398,3,-1
1784,1,22
721,1,16
2544,1,0
5208,1,122
3542,3,-2
5261,1,194
3724,3,-6
3905,1,10
5263,1,207
5262,1,71
4462,1,-1
3674,3,83
2214,1,0
841,1,0
802,1,28
811,1,76
2930,3,-10
1345,1,182
1366,3,-46
5137,1,0
2965,1,11
2976,1,59
2973,1,19
3058,3,-12
103,3,7
803,1,108
5205,1,1
2157,3,-28
3977,3,9
1385,3,9
777,3,6
3482,1,-7
5120,1,-1
661,3,866.2
2206,3,18
232,1,1402
2199,1,637
2200,1,403
2169,1,1445
2215,1,157
79,3,-669.6
171,3,-1
1414,3,-3046
3144,3,-10
383,1,1912
446,3,-96
1309,1,36
150,1,12
3861,1,-14
713,3,2
359,1,7696
387,1,832
4153,1,0
4154,1,0
1788,1,295
261,1,1920
3402,1,-19
4336,1,203
3747,1,1
3748,1,0
1347,1,51
4103,3,0
2555,1,-3
291,3,39
383,3,-2339
4611,1,27
3473,3,-4
5217,1,-113
3996,3,2
107,3,9
109,3,5
664,3,266.8
81,3,410.7
38,3,-395
888,3,-38
1397,3,3
1055,3,0
5225,1,55
4524,1,1378
5205,3,18
3689,1,-2
3945,3,-4
4381,3,1
1894,3,15
1349,1,13
750,1,3146.7
5042,1,38
3075,1,91
3950,1,-33
3945,1,-3
3811,1,-105
4806,3,0
4073,3,2
5108,3,28
4127,3,-180
4124,3,-172
1423,3,-562
4132,3,-9
5163,3,-147
3116,4,4
5203,4,18
3249,3,-7
3502,3,-1
5272,1,10
5273,1,46
159,1,9
2779,4,127
862,1,29
3159,1,530
3147,1,-8
712,3,-19
474,3,-35
1332,1,158
5068,1,-18
5092,1,114
5217,3,-5
3936,1,8
1385,1,17
2584,3,3
3844,1,10
3842,1,0
2890,3,-22
3705,3,-1
5032,3,4
2790,1,17
1311,4,0
5062,1,-1
5080,1,-1
5107,1,30.4
2226,1,4
3143,1,30
270,1,2024
259,1,585
3998,4,4
2211,1,200
2181,1,111
2216,1,65
2171,1,816
5112,1,103
2559,3,-14
751,3,218.5
548,1,-1
323,3,1025
198,3,-95
741,1,1
4785,1,18
185,4,194
1312,1,133
1360,1,104
79,1,841.5
2201,1,292
234,1,1402
4766,1,16
2806,1,-8
1404,1,3
3546,3,31
4747,1,42
1137,3,-6
3856,3,-227
5123,1,3481
3115,3,2
2170,1,730
750,3,152.5
4946,1,5
3154,1,202
5111,1,-6
2540,1,-3
55,1,64
5285,1,141
3885,1,9
184,3,120
158,1,13
5286,1,48
2872,1,-16
58,1,-8
161,1,0
3310,1,-1
4376,3,-41
2416,3,-101
4854,1,14
5169,1,3
276,3,-668
414,1,0
4759,1,12
1298,1,344.5
1811,3,22
1299,3,20
2640,1,-1
4747,3,9
2648,1,30
2601,1,80
3831,3,-10
2318,3,-12
4099,1,-735
373,1,370
4522,1,-69
2475,1,9
3838,3,-5
1436,4,18
3022,4,0
4611,3,67
695,1,20
3538,3,-10
3951,3,-28
1325,1,530
4511,1,72
3376,1,-1
87,1,824.3
3546,4,0
355,1,738
15,1,23
4033,3,15
3803,3,33
3534,3,-7
1746,1,26
85,3,-435.25
770,1,9
1299,1,56
675,1,1489.4
4727,1,6
5287,1,41
116,3,-30
3532,4,0
1396,1,-5
174,3,7
4975,1,2
705,3,-4
328,1,692
1351,3,-5
199,3,-54
5259,3,-23
5294,1,4
4062,1,3320
4343,1,184
4344,1,-4
1443,1,172
376,1,554
5295,1,0
1057,3,-14
3709,3,8
5297,1,-173
5298,1,42
2756,1,-2
123,3,32
2554,3,2
707,1,34
1329,1,90
5192,1,27
244,1,360
1764,1,-1
298,1,349
638,1,10
2828,1,-2
3139,1,10
5293,1,5
3817,3,2
766,4,1
1300,4,5
4739,4,14
4772,4,6
2803,4,21
1451,4,14
4763,1,10
5186,3,-9
1442,1,84
1794,1,278
2923,1,136
599,1,1
365,4,47
3763,1,-1
329,1,266
1421,4,4
4150,4,21
2179,1,418
2217,1,3
3145,1,140
85,1,610.5
1343,3,22
242,1,0
330,1,1155
5306,1,0
5307,1,4
179,1,-1
2378,1,-1
3159,3,63
1387,4,0
5265,1,-241
5090,1,103.8
5066,1,-22
3777,1,0
3756,3,-1
3496,4,0
3949,1,0
3761,4,-1
3936,4,6
3887,4,12
4523,3,-25
4605,4,0
4151,4,773
2564,3,-9
5296,3,11
3107,3,10
2731,1,0
2964,1,16
5121,4,0
5120,4,0
2864,1,0
5325,4,39
1412,4,1001
276,4,184
4776,1,119
4114,1,5727
37,4,23
2990,1,6
3518,1,80
2518,1,-24
5332,4,15
3156,4,47
1869,4,0
4426,4,5
5226,4,21
2924,4,11
2173,4,156
633,4,13
2219,4,1
4751,1,17
4366,3,-22
2933,1,5
5328,4,1636
5329,4,0
3184,1,13
4772,1,64
3757,1,-6
3673,3,0
5339,4,0
3068,4,0
5337,4,11
2863,1,-10
2185,3,-59
2167,3,-28
3854,3,30
68,1,538
4742,1,14
4652,1,148
3690,1,14
3004,4,2
4503,4,0
5345,4,2
3895,4,10
1302,3,20
3854,1,45
123,1,235
1425,3,15
3915,1,16
3084,1,0
3758,1,-2
749,4,206.5
3927,1,0
4055,3,-1850
365,3,-12
368,3,23
359,3,423
5268,1,3
224,1,0
723,1,21
3168,1,25
4548,1,-10
3569,1,1
5347,1,-6
5348,1,43
5350,1,710
5329,1,-198
5252,1,0
5251,1,0
5250,1,-1
5249,1,0
5351,1,0
1297,1,457.3
2957,1,8
1817,1,0
5349,1,-5
3620,1,0
1252,1,10
1423,1,144
3593,1,-1
733,1,0
4806,1,-3
4656,1,0
118,1,4
3438,1,0
1896,3,6
4469,3,0
4382,4,1
808,1,29
1303,4,29
3702,3,-27
5085,4,39
1434,4,62
325,4,157
272,4,115
5331,1,1
3958,1,-13
5076,4,-4
2060,4,6
5230,1,155
5355,1,38
5352,1,15
5346,1,9
5274,1,745
5356,1,0
36,1,383
2494,1,-40
148,3,-15
5328,1,16941
663,3,506.3
5358,1,12
1304,1,12
1668,1,11
300,1,606
1628,1,1
299,1,500
303,1,501
4053,1,11588
2959,1,19
2984,1,1
4436,1,0
3492,1,-1
5233,1,-9
3922,1,26
5371,1,384.5
4156,1,0
3523,1,-1
4149,1,-308
1623,1,-3
4472,1,-6
698,1,18
545,3,-98
563,3,-38
554,3,18
1331,3,-8
526,3,-8
1786,1,11
5354,1,0
4573,1,-31
556,1,-23
784,3,-96
928,3,-38
3243,3,11
5226,1,235
2924,1,122
1444,1,0
1868,1,14
1365,1,122
2773,1,0
1387,3,0
229,1,1331
4786,1,9
5380,3,-91
4470,3,-2
5381,3,-41
4749,1,24
449,1,58
4614,1,3
1341,1,24
3707,3,-1
728,4,41
801,4,47
806,4,30
4746,1,22
840,4,36
648,4,47
745,4,52
906,4,8
887,4,50
666,4,471
665,4,440
3899,1,-2
74,1,95
5113,1,15
2622,1,0
5269,1,0
1331,1,199
5325,1,265
5117,1,775
4098,1,-528
4292,3,-13
649,3,2
641,3,97
4046,1,3451
995,1,9
4152,1,21640
3181,1,-117
5116,1,655
2174,1,1585
3837,4,0
257,1,1760
179,3,0
5327,3,39
840,3,43
5115,3,-2
3887,3,146
5102,1,432.5
5044,1,-6
5130,3,5
563,1,56
223,1,1
114,1,2
1980,4,4
3989,4,-1
4990,1,-4
3917,1,0
4606,1,13
1363,1,486
2947,1,24
3978,4,4
3528,3,0
1398,3,-26
3050,3,2
3133,3,13
5134,1,0
2574,1,-18
3075,4,21
5357,1,-10
2755,1,-18
925,4,15
748,4,199
3838,1,-2
5157,1,18
3136,4,0
3396,1,10
894,1,-1
5027,3,36
3148,3,-3
1401,3,0
5328,3,1288
2717,3,-1
3164,3,10
558,1,3
574,1,1
235,1,312
4057,1,2214
4360,1,-1571
3024,1,-1
4807,1,0
2362,1,6
4733,1,10
4802,1,9
4917,1,0
1296,1,193.5
4745,1,0
4744,1,5
663,1,3240.8
3134,3,-125
749,3,47.2
794,1,21
1340,1,6
5259,1,-4
5074,3,-162
5268,3,11
3172,1,310
5325,3,92
3872,1,7
5291,4,1
3763,3,-1
5127,4,2
5291,3,0
636,3,9
1786,3,7
3516,3,28
5269,4,0
2559,1,-3
3367,3,0
2521,1,-48
5395,1,75
1401,1,0
804,1,68
649,1,1
5394,1,3
5288,1,10
3041,1,45
3230,1,10
3141,1,0
5383,1,0
2915,1,40
2912,1,448
650,1,-11
4375,1,-1
2953,1,19
2956,1,38
2960,1,24
3352,1,-3
706,1,62
3918,1,0
3617,1,2
1799,3,10
3612,1,106
109,1,28
2291,1,2
2335,1,2
3704,1,0
5331,3,2
4692,3,200
363,1,161
4547,1,0
2715,4,0
3091,4,0
2858,3,1
891,3,-234
3994,1,9
5398,1,3
5397,1,27
5359,3,600
5396,1,21
4060,4,430
987,3,-8
3532,3,-2
1292,1,2
3218,3,-1
4737,3,22
159,3,7
2220,1,10
890,3,67
5352,3,17
3839,1,0
3045,4,0
4511,4,17
949,1,5
3692,3,11
874,1,0
5404,4,0
820,1,11
3714,1,17
2167,1,11
2804,1,0
5378,1,600
3221,1,298
3193,1,370
5402,1,13
891,1,151
4008,1,18
5332,1,231
564,1,31
4489,1,1
3115,1,3
4055,1,8802
1425,1,146
5103,1,86.6
5401,1,0
3051,1,10
4345,1,181
5264,1,-23
810,4,37
3148,4,115
1343,4,25
5285,4,12
3142,4,-3
5405,1,186
328,4,22
78,4,232.7
5407,4,0
4380,4,0
2579,4,0
4147,4,367
161,3,-222
5379,1,0
5203,1,105
5326,1,74
713,4,-2
5132,4,1
1869,1,0
575,1,1
542,1,0
1328,1,58
1802,1,530
549,1,-4
1789,1,449
255,1,765
390,1,79
2925,1,194
357,1,97
540,1,72
156,1,26
5225,4,7
336,1,495
353,1,250
5255,3,-59
5419,4,0
5418,4,0
5420,4,0
4497,1,4
99,1,-4
5206,3,-151
3221,4,21
3254,4,6
3494,4,-1
1875,4,0
5355,4,10
5353,4,6
3964,1,-7
5422,1,94
807,1,110
812,1,52
1410,1,0
4515,4,-4
3124,4,5
4790,1,62
4741,1,44
5262,3,2
3530,3,-2
3533,3,-5
5424,1,26
4380,1,22
5423,1,-5
5240,1,-18
772,4,3
222,1,0
5422,3,10
5355,3,-63
3740,3,20
2326,1,6
664,4,172
4738,4,12
2726,4,23
5304,1,0
833,1,33
91,1,874
774,1,0
688,1,20
1437,1,83
1437,2,24
575,2,5
542,2,1
1328,2,3
1802,2,30
549,2,4
1789,2,20
255,2,52
390,2,15
2925,2,17
2859,1,1
4785,3,5
5133,1,-61
5372,1,1
5356,3,-136
2731,3,-187
650,3,-6
2802,4,138
2520,1,12
2231,1,-2
5206,1,30
1446,1,28
1367,1,194
371,1,844
2520,4,3
2530,4,4
5337,1,166
4117,1,3618
3758,4,-1
3955,1,75
3937,1,9
5075,1,703
190,4,196
809,1,63
4512,4,24
4549,4,0
859,3,19
3559,3,-24
4606,3,0
5327,1,143
13,1,15
392,3,-53
3044,1,14
3045,1,1
3114,1,9
2917,1,280
2735,1,1
3515,1,61
5432,3,-11
750,4,276
4107,4,424
3942,4,3
81,1,671.5
5370,4,0
5334,4,40
5226,3,24
3171,4,-4
5367,3,-1
2925,3,-35
662,3,565.8
238,3,702
5353,1,45
370,1,0
5434,3,10
5433,3,8
4177,3,-3
2361,1,0
5406,1,0
743,3,23
5059,1,48
3491,1,0
2728,1,0
237,1,1
1029,1,-6
847,1,35
1026,1,53
1025,1,10
3485,1,13
3399,3,-11
3537,1,0
1949,1,2
2554,1,0
3932,1,-3
3933,1,296
5391,1,143
4657,1,0
2492,3,0
3962,4,13
177,4,4
1299,4,10
794,4,7
169,3,-24
5438,4,0
5242,1,2
660,4,427
2835,1,-1
5446,4,0
4498,4,0
1421,3,4
3911,3,-5
4495,4,4
3443,1,10
5472,1,4
747,1,284.5
4631,1,2
4065,1,-22
4359,1,-1300
2513,1,-24
3744,3,-12
3238,3,5
5456,1,445
1322,1,9
1356,1,17
1300,1,1
4482,1,0
765,1,0
4480,1,7
767,1,3
4481,1,6
1966,1,9
5457,1,263
1950,1,0
1671,1,982
5350,4,71
5486,4,54
2716,4,0
629,1,0
3024,4,2
5448,1,81
3073,1,162
75,1,1479.7
2922,1,175
2926,1,204
861,4,20
644,4,14
5200,4,13
5461,1,328
2173,1,1114
5101,1,88.6
975,3,-6
1201,3,-6
1359,1,14
1316,1,9
557,1,73
565,1,48
538,1,-10
3186,3,-44
391,4,0
3199,4,9
5361,4,5
1304,4,6
2573,4,23
2485,4,1
2484,4,4
3613,3,-16
3867,1,23
925,3,13
5225,3,2
467,1,88
4789,1,3
670,3,827
4219,1,0
4608,3,72
5453,1,148
5261,3,-308
3399,1,-29
5359,1,1832
757,3,0
1015,3,-14
3839,3,0
3171,1,-21
3195,1,-17
5333,1,276
5335,1,447
5460,1,850
2362,3,-65
5281,1,0
3837,1,1
4107,3,-1181
5488,1,22
3198,1,0
5484,1,0
4044,1,10
4467,4,2
3490,1,0
3692,1,23
583,1,6
612,1,12
3112,4,0
2174,4,86
2493,3,-26
5331,4,0
4150,3,-23
5329,3,0
3920,3,-3
3748,3,-60
4769,1,8
4858,1,12
784,1,0
291,4,24
360,4,526
383,4,627
376,4,100
4424,1,88
1411,1,35
5421,1,21
3152,1,5
3238,1,-41
1558,1,0
2708,1,-6
2715,1,1
712,1,33
143,1,24
5074,1,831
39,3,-798
256,4,80
3964,3,-3
3960,3,-1
4473,1,0
2619,1,-2
5091,4,49.5
1435,4,48
322,4,0
326,4,74
1807,4,0
5113,4,21
5117,4,61
3457,1,62
271,4,168
5464,3,70
4152,4,192
270,4,285
5100,4,-10
5302,1,0
706,4,16
3539,1,0
5543,4,-1
1886,4,1
5464,1,704
732,1,-95
3836,4,0
2529,1,43
5368,1,2
5369,1,0
1952,1,54
5428,1,0
540,3,27
326,3,300
2526,3,-150
5508,3,2
2209,1,180
274,1,431
2986,1,5
1905,1,1
2971,1,10
2348,3,-13
1396,3,10
4676,3,283
4152,3,-2083
5113,3,33
5117,3,88
4512,3,30
5548,1,-6
12,1,11
4729,1,15
5455,1,134
3898,4,18
367,1,492
3596,1,16
5551,1,1
5361,1,13
4099,3,-724
5310,1,3
3220,3,25
5431,4,0
5326,3,25
1397,1,8
1949,4,1
5327,4,14
524,1,15
670,4,517
1707,1,134
653,1,-1
3459,1,43
3107,1,12
5099,1,69.5
4740,3,10
5502,1,87
4774,1,6
1790,3,-129
5399,1,29
5275,1,1
5276,1,0
5277,1,3
848,1,7
1803,4,49
5453,4,28
3159,4,40
1290,1,3
1291,1,0
5562,1,0
1072,1,56
5334,1,247
1899,1,10
876,1,50
3064,1,0
3803,1,30
3496,3,-1
4478,4,3
50,1,226
2476,3,-3
2586,1,-1
636,1,22
2245,1,0
5462,1,10
1878,1,5
3219,3,24
3518,3,25
4383,3,-53
4768,1,5
3745,1,-57
223,4,0
3612,3,-25
4348,1,-3
3936,3,3
4613,1,17
174,1,0
3174,3,11
5138,1,0
4606,4,-1
3898,1,-74
878,4,16
793,1,29
5404,1,1
5163,4,4
3078,4,7
5296,1,1
3703,3,-16
5484,3,0
5536,4,-3
3708,3,5
4736,3,5
2166,3,-67
2176,3,6
3249,1,-1
4677,4,153.5
174,4,0
4382,3,-77
2995,4,28
5493,3,-101
3436,3,4
1899,3,8
5122,3,-267
3222,1,360
3948,1,20
5301,1,0
3242,1,-14
892,1,41
3712,1,735
645,3,26
297,1,332
5589,4,0
5220,1,896.5
906,1,45
3486,3,37
5216,3,-1
1061,3,-4
156,3,13
2221,4,11
3061,4,1
747,4,205
889,4,0
5335,4,29
5507,4,0
1685,1,1900
1687,1,1000
1688,1,1000
3195,4,-2
1690,1,200
1692,1,900
1683,1,1200
3931,1,5
1383,3,3
5595,3,15
5430,3,-10
5409,3,0
2702,3,0
861,3,25
863,3,6
5512,1,14
2418,1,69
5207,1,14
5283,1,-4
5025,4,13
1194,1,-2
5128,3,-6
2520,3,0
1865,1,-10
1864,1,-3
3483,1,25
5323,4,2
241,1,0
238,1,97
230,1,0
2806,4,0
4059,4,947
179,4,0
3157,4,19
5243,3,-17
3953,1,12
1753,1,43
3111,1,-15
4376,1,12
15,3,3
4608,4,90
3190,4,-2
4499,4,0
5487,1,104
5449,3,-45
2781,3,78
2779,3,50
801,3,40
648,3,94
1028,1,61
3824,1,-8
2312,3,-15
5597,1,-2
5135,1,0
160,1,0
5498,1,1
3126,1,44
3751,1,-2
5052,1,22
4945,3,-7
2234,1,0
2489,4,0
3017,4,4
87,4,106
3080,4,0
1381,1,13
5332,3,21
1357,3,5
5161,3,-109
4608,1,262
84,3,51.2
4748,3,8
1352,3,-10
4233,3,-16
147,3,19
5457,3,55
5245,3,54
2525,3,1
5549,3,-5
5087,1,225
1311,1,2
4771,4,10
5457,4,111
5455,4,80
2858,1,0
5637,4,0
1313,4,14
4060,3,-3659
1313,3,-4
4380,3,14
170,3,-547
740,3,10
666,3,1011.3
2718,1,5
2324,1,1
5384,1,0
4370,3,-9
3924,1,0
1294,4,26
1597,1,-3
2531,1,1
3768,1,41
3767,1,89
311,1,1
5512,3,-223
3919,1,0
3183,3,-9
5573,1,20
1626,1,-5
5639,4,4
2527,3,-4
1814,3,-64
4149,3,-43
4046,3,-1133
3824,3,-16
14,1,7
752,1,36
819,3,35
862,3,15
647,3,-18
1323,1,15
5230,4,1
3172,4,21
3193,4,40
3191,4,-1
4052,4,747
5115,4,-2
641,4,25
4693,1,-350
1691,1,300
588,1,2
160,3,-204
3802,3,65
4498,1,0
5379,3,-70
5466,3,20
5092,3,-18
3806,3,-3
1350,1,5
3400,1,37
3516,1,27
2493,1,-220
3623,1,10
2491,4,0
5143,1,6
5284,1,186
3830,3,8
2354,4,0
4336,4,12
4345,4,10
4343,4,25
5201,1,1
3483,3,36
5493,1,47
3766,3,38
5286,3,28
5248,4,0
116,1,0
3038,3,-6
3873,1,-1
5653,4,0
4677,3,431.7
887,3,47
1319,1,7
5507,3,-2
5392,1,0
230,3,11
5483,3,0
3192,1,-114
674,4,295.5
2765,1,-116
5422,4,20
3800,1,40
5640,1,11
4515,1,-11
4752,1,6
5529,3,-4
1330,3,5
3187,1,-5
2767,3,-15
1374,1,-1
5645,1,20
5016,1,-3
1525,1,-2
3505,1,2
5214,1,0
5452,4,6
5649,3,16
3654,1,19
3856,4,14
2591,1,-60
5485,1,0
5228,3,1.1
3035,3,14
3241,3,-3
638,3,-54
349,1,455
2721,1,11
2547,3,-26
5320,4,0
2672,1,-5
5654,1,12
5382,1,3
5588,1,0
88,4,135
5116,3,123
376,3,133
3186,1,-4
26,1,171.5
93,3,102
1346,3,11
336,3,-10
353,3,-39
5347,4,-3
5319,1,0
927,1,66
844,1,-10
1361,4,23
1950,3,1
86,4,219
894,4,2
1931,4,0
3049,4,0
4692,1,1100
5365,4,0
3166,1,2
5208,3,14
4796,3,1
4856,3,2
4782,3,4
1381,3,5
5530,3,8
2595,1,2
5483,1,0
3170,1,128
5095,1,43
5063,1,91
5658,1,19
2464,1,-15
5644,4,40
842,1,90
935,1,18
207,3,295
1389,1,-14
5203,3,-34
5293,3,1
2874,3,-4
5269,3,5
1434,3,52
5455,3,-618
80,3,-281.75
2586,3,-8
3177,3,600
5247,3,6
1060,3,5
5495,3,28
1558,3,-1
5353,3,4
1801,1,364
312,1,0
1819,1,0
1438,1,166
695,4,6
1306,1,-5
2522,1,-8
5612,1,30
133,1,0
3454,3,9
835,3,22
746,3,6
4690,1,1000
5670,1,-2
668,3,709.5
5649,1,51
1394,1,0
4036,1,3
3836,1,0
5677,1,44
5038,4,0
3049,1,0
5678,4,11
3457,4,8
3495,1,1
5243,1,-21
2320,1,-5
5029,1,7
5619,1,35
5681,4,0
1744,3,-2
1607,3,2
5488,3,-180
4525,3,-2241
94,1,1186.5
3938,4,12
3939,4,11
5346,4,15
707,4,6
4381,4,0
5623,1,0
2716,3,-5
5207,3,-129
2788,3,11
5574,3,-5
5543,3,0
3227,3,-2
3873,3,-1
1411,3,-3811
2356,3,-19
762,3,-1
4058,1,450
5264,3,-22
149,1,50
3218,4,-2
3697,4,4
4494,4,0
3713,1,0
3740,1,65
842,3,26
5334,3,33
3487,1,67
618,3,-5
3813,1,5
3128,1,5
3946,4,30
5504,1,5
3200,1,-19
3869,1,56
187,1,400
3960,1,-17
4668,3,201.6
325,3,440
5124,1,3
2159,1,6
5689,1,60
5191,3,-381
2802,3,134
3598,1,-8
104,1,0
829,3,-7
1372,3,0
3394,3,-4
894,3,-20
859,4,27
667,4,421.5
5368,4,-1
1891,4,1
5494,1,0
3940,1,47
4122,3,-112
4437,1,1
3816,1,-25
5713,1,35
170,1,-12
79,4,182
827,4,21
645,4,9
2558,1,5
5669,1,10
5050,1,63
3844,3,-3
3940,3,4
4604,3,79
772,1,7
5595,1,97
2912,3,16
4074,4,0
1388,4,0
2490,1,3
4007,3,3
3232,1,58
4005,3,-5
3706,3,0
4861,1,-1
1785,1,9
4151,3,-1021
80,1,1065.1
1887,4,-2
633,3,12
4771,3,15
4739,3,23
1393,3,-20
2641,1,-2
1809,1,2
661,4,433.5
5069,1,49
662,4,402.7
192,4,187
5424,4,17
526,1,4
2905,1,65
4758,1,15
3958,4,1
5714,4,11
1951,3,22
5562,4,1
2517,1,-77
5611,1,0
503,1,-12
112,3,-17
3837,3,-7
1796,1,-14
3068,3,-10
848,3,6
1405,3,51
523,3,-44
1753,3,14
177,3,2
3175,1,1288
539,1,-3
111,1,8
2297,1,0
2298,1,0
2299,1,0
3836,3,0
3622,1,0
4029,1,5
3164,1,214
5244,1,-3
5241,1,-67
1195,1,-16
1126,1,3
849,1,7
1212,1,-7
3705,1,-1
269,1,0
4397,1,-8
5534,4,0
392,1,20
895,1,217
3163,1,15
5205,4,0
2413,1,-1
5700,1,1
2361,3,-94
3484,1,140
3801,1,128
1875,3,26
5691,1,83
793,3,10
4144,1,-320
395,3,-6
1803,1,1
1790,1,-145
5406,3,0
4560,3,-8
5435,4,0
2659,1,4
3488,1,20
5533,1,309.2
5695,1,0
4113,1,-2
1372,1,0
1375,1,-2
2989,1,18
4104,1,-6
5460,3,-13
1626,3,-22
3697,3,5
1371,3,-3
3172,3,34
5500,3,-22
885,3,-28
5573,3,-42
2592,3,3
3170,3,20
3193,3,50
3221,3,18
2203,3,38
2173,3,383
3767,3,-41
2929,1,157
310,1,9
2237,1,-47.5
3491,3,5
3080,3,10025
3672,3,3
690,1,5
2786,1,54
3242,3,-1
259,3,63
74,3,21
3925,3,3
5383,3,-27
5412,1,0
5491,1,0
2830,1,-6
2796,3,-2
2228,1,0
67,1,-70
2987,1,8
5613,1,2
4773,1,5
353,4,20
2621,1,1
1623,3,-14
5343,1,18
3953,3,7
5727,3,-439
3018,3,-34
1100,3,-5
1241,3,-17
4522,3,500
4081,1,2
1367,3,13
673,3,238.46
2790,3,13
1948,1,4
2140,4,8
5333,4,35
3672,1,0
2516,1,-88
5720,1,9
5535,1,132
5326,4,4
3090,4,0
92,1,1214.5
5712,1,46
1859,3,-2
4343,3,29
5796,3,-20
3867,4,19
4658,1,5
3239,1,10
5343,3,-256
5171,1,4
889,3,-10
4765,3,4
75,3,-326.2
5500,1,10
5799,1,6
2412,1,1
4101,1,6
5260,1,15
5801,1,2
1393,1,-7
122,3,0
3503,3,9
1929,3,-6
2474,3,-23
5132,3,0
1377,3,-3
5540,1,2
4059,3,-294
5802,1,1
4776,3,15
9,3,73
2356,4,0
172,1,18
892,3,-320
2789,3,12
3332,1,15
3029,1,6
3765,3,86
252,1,-47
250,1,83
240,1,1216
5508,1,0
652,3,2
660,3,575.3
3830,1,51
547,3,11
573,3,33
13,3,3
3933,3,30
1302,4,22
3057,3,4
1345,4,18
158,4,4
3169,3,-2
4500,1,2
2734,1,0
351,1,941
334,1,1954
5224,1,2
4510,4,3
1694,1,600
1693,1,1000
1696,1,100
1750,1,37
3011,4,0
5496,1,17
5426,1,0
5093,1,81.6
5268,4,2
3844,4,0
3327,1,-4
5558,1,2
4609,4,-8
789,1,13
5641,3,18
2526,1,0
3701,3,-34
185,3,-196
5510,1,-23
3154,3,-200
5440,4,0
5248,1,1
111,3,4
5770,4,4
4916,4,2
4806,4,0
4875,4,1
4870,4,2
4803,4,0
4801,4,4
4802,4,5
4817,4,0
4805,4,0
4730,4,1
4732,4,3
4733,4,2
4734,4,2
4727,4,3
4736,4,3
4768,4,3
4737,4,13
4769,4,2
4779,4,2
4740,4,6
4741,4,8
4742,4,4
4744,4,4
4746,4,5
4747,4,6
4748,4,6
4749,4,5
4786,4,3
4785,4,4
4750,4,5
4751,4,3
4752,4,3
5247,4,3
4778,4,2
4782,4,3
4796,4,1
4764,4,3
4766,4,4
4765,4,3
4770,4,3
4853,4,4
4854,4,2
4858,4,3
4859,4,3
1381,4,2
4855,4,3
4857,4,2
4790,4,11
4776,4,10
4767,4,9
4788,4,4
4777,4,6
4774,4,0
3048,4,0
5728,4,4
3491,4,0
3991,4,16
5508,4,0
3495,4,0
5588,4,0
3487,4,19
3483,4,12
3559,4,0
3484,4,13
3486,4,42
5753,4,2
5754,4,9
3482,4,9
3510,4,8
3458,4,9
3518,4,11
3629,4,12
3630,4,0
3461,4,16
3513,4,18
3580,4,5
5756,4,7
5755,4,0
5759,4,0
5760,4,0
3454,4,8
3579,4,10
3512,4,6
3517,4,14
3515,4,12
5757,4,7
5758,4,8
3516,4,5
3633,4,3
5594,4,3
3422,4,1
4209,3,-4
1001,1,-5
2220,3,32
2221,3,-21
2222,3,13
183,1,678
208,1,1150
3158,1,-237
5454,1,304
5084,1,-16
4357,1,-410
3719,1,2
3768,4,43
3767,4,24
253,1,472
3160,1,498
1337,1,35
1338,1,15
368,1,235
5083,1,-26
3490,3,10
1818,1,0
5679,4,1
771,1,5
138,4,0
5099,3,-433.4
5824,3,-96
3065,1,8
1048,3,-21
5447,4,0
5376,1,44
5430,1,1
5560,1,0
5836,1,256
5510,3,-3
5735,4,0
890,4,39
891,4,34
895,4,37
876,4,15
888,4,29
763,4,3
752,4,-23
751,4,218
799,4,0
5738,4,0
669,4,442
668,4,351
671,4,349
663,4,342
673,4,305
672,4,331
675,4,240.5
784,4,0
171,4,-3
688,4,7
690,4,4
689,4,2
691,4,0
692,4,0
793,4,17
902,4,12
787,4,3
788,4,2
789,4,6
647,4,7
636,4,15
778,4,20
882,4,3
743,4,17
741,4,14
942,4,17
936,4,10
846,4,18
848,4,12
858,4,16
860,4,11
863,4,13
862,4,26
739,4,6
740,4,18
816,4,13
839,4,19
838,4,30
820,4,9
834,4,30
845,4,5
821,4,4
830,4,22
817,4,15
824,4,19
835,4,15
822,4,29
831,4,40
828,4,17
818,4,13
825,4,38
836,4,16
823,4,0
832,4,13
829,4,0
826,4,9
873,4,25
871,4,8
819,4,16
874,4,6
833,4,14
837,4,21
870,4,10
872,4,20
853,4,9
854,4,0
897,4,17
637,4,22
5175,4,3
746,4,9
725,4,8
937,4,5
704,4,0
698,4,11
5549,1,1
5873,4,2
3782,4,0
3056,4,5
2414,3,-11
2159,3,10
821,1,16
3072,1,0
88,1,678
4974,1,-3
4147,1,4154
5131,1,2
5788,4,7
476,3,-116
5748,4,0
5739,3,-126
1085,3,-20
1777,1,-5
1199,3,-5
1269,3,-3
5752,1,0
3116,1,8
1406,1,-12
2140,1,9
3832,4,0
2102,1,-1
5561,4,19
3814,4,0
3839,4,0
5809,1,0
5399,4,0
3752,4,1
5449,4,1
3759,4,5
3753,4,6
3760,4,4
5559,3,5
5352,4,0
3755,4,2
5739,4,0
3765,4,32
3762,4,0
3931,4,0
3855,4,4
3846,4,10
3857,4,10
3858,4,5
5730,4,0
5729,4,0
3773,4,0
3776,4,0
5426,4,0
5703,4,12
3744,4,-5
3845,4,3
3746,4,0
2906,1,83
3834,4,0
3747,4,1
3748,4,5
4493,1,-2
5493,4,4
3779,4,1
3778,4,14
5511,4,0
5710,4,0
5693,4,0
5695,4,0
5699,4,6
5697,4,0
3808,4,8
3911,4,11
5746,4,9
3937,4,-23
5747,4,0
2966,4,-2
5749,4,9
5750,4,5
5751,4,0
3830,4,6
5383,4,-1
5384,4,0
3828,4,6
5595,4,25
5646,4,21
5645,4,7
3816,4,0
3921,4,0
3912,4,3
5356,4,-4
3920,4,1
3919,4,0
3905,4,0
3909,4,4
5649,4,15
3749,4,0
5752,4,0
5647,4,14
3740,4,20
3854,4,16
3612,4,6
5413,4,12
3866,4,1
5740,4,8
3868,4,57
3869,4,30
5742,4,3
3802,4,4
3766,4,7
3922,4,1
2216,3,-55
3860,4,0
2190,3,-11
3859,4,12
3925,4,8
3862,4,5
5744,4,0
2171,3,57
2201,3,59
3928,4,0
3863,4,10
3800,4,21
1808,3,-52
3813,4,10
5068,3,0
2830,4,5
5251,4,1
5689,4,8
3885,4,21
5432,4,11
5512,4,0
2743,4,0
5358,4,24
5745,4,0
3897,4,0
3893,4,7
3645,4,8
3894,4,11
2933,3,-8
3934,4,0
3935,4,0
3864,4,0
3751,4,0
3815,4,6
5397,4,62
5406,4,0
2982,1,6
5887,4,0
2181,3,6
5509,1,0
2770,3,-36
5734,4,1
1301,1,3
5462,3,-23
5428,4,1
3114,4,4
3113,4,3
3115,4,0
3047,4,4
3104,4,0
5351,4,0
3006,4,-2
3013,4,3
3012,4,0
3093,4,0
2993,4,0
2994,4,20
3025,4,0
3008,4,0
3010,4,0
3009,4,-5
2997,4,1
2996,4,0
2998,4,0
3074,4,0
3076,4,10
3077,4,-2
3079,4,-2
3032,4,3
3072,4,0
3021,4,0
3023,4,0
3119,4,0
3063,4,0
3062,4,0
3138,4,25
200,4,178
5737,4,91
5130,4,5
3058,4,10
3083,4,0
3084,4,0
3066,4,0
3065,4,0
3001,4,0
3035,4,45
3036,4,-2
3020,4,44
3132,4,-2
3131,4,0
4669,1,195
3050,4,4
3054,4,0
3181,4,1
3184,4,26
3187,4,0
3173,4,14
3174,4,17
5840,4,26
3170,4,12
5841,4,51
5842,4,60
3251,4,10
5843,4,16
3197,4,4
3219,4,11
3220,4,55
3222,4,27
5848,4,1
3227,4,1
2858,4,3
5784,4,0
3164,4,44
3198,4,2
5785,4,45
5786,4,0
3202,4,28
3205,4,27
3163,4,0
5787,4,6
5731,4,8
3233,4,20
5733,4,0
3238,4,0
3226,4,0
3225,4,0
3230,4,3
3239,4,4
2885,4,4
2895,4,0
5719,1,0
5785,1,129
753,1,245
5897,4,-2
3857,3,127
3510,3,15
5375,4,0
1304,3,7
4375,3,-29
1159,3,0
2160,3,-139
5677,3,-16.72
3712,3,-1280
5848,1,0
4858,3,3
4751,3,7
4786,3,4
2221,1,21
4607,1,-12
5824,1,1
73,1,-94
1868,3,6
4762,3,3
4763,3,3
1329,3,5
1788,3,-221
1025,3,6
1866,3,9
575,3,3
1789,3,-147
255,3,-86
5805,3,78
1865,3,-3
5078,1,55
236,1,434
4772,3,9
5456,3,84
4761,1,11
541,1,9
391,1,132
411,1,15
2799,1,-14
4423,4,7
4424,4,16
4425,4,10
4427,4,3
4428,4,5
5665,4,2
5421,4,22
4471,4,8
4468,4,0
5448,4,17
4475,4,0
4477,4,3
5780,4,-1
4491,4,1
4484,4,1
4480,4,6
4487,4,0
4481,4,7
4490,4,0
4488,4,0
4489,4,3
5781,4,0
5782,4,0
5783,4,1
4497,4,3
4496,4,2
4500,4,1
4504,4,1
4505,4,0
4509,4,0
4466,4,1
2519,1,12
5896,1,5
1884,4,104
1885,4,2
5769,4,38
1888,4,19
5711,3,2
1894,4,25
1895,4,0
1897,4,5
1924,4,4
1922,4,0
1923,4,0
1925,4,5
1926,4,0
1919,4,0
1927,4,8
1921,4,8
1930,4,0
5442,4,0
5443,4,0
5779,4,0
4473,4,1
1948,4,-1
1950,4,2
5797,4,0
5439,4,0
5771,4,1
5800,4,1
5772,4,0
2090,4,4
5686,4,0
5688,4,2
5687,4,0
5685,4,0
5680,4,0
2097,4,0
5682,4,1
5683,4,3
5531,4,3
5532,4,3
2110,4,1
5773,4,0
4507,4,2
4508,4,2
2147,4,0
1415,3,-2055
2081,4,4
5774,4,3
5776,4,3
5530,4,3
2155,4,0
5775,4,0
1883,4,3
5529,4,2
1961,4,-1
5721,4,3
2073,4,0
5768,4,0
2089,4,3
5400,4,4
2460,3,-23
5888,1,10
3895,3,9
5715,1,6
5232,1,1
2302,3,3
5899,1,0
5019,3,-2
5387,1,9
4433,1,0
4676,4,329
1745,3,11
5534,1,0
121,1,14
4495,1,10
5893,1,102
3458,1,6
3939,1,31
3911,1,46
5890,1,-52
5891,1,89
4769,3,2
5218,3,21
2722,1,12
273,1,942
2488,1,-2
3442,1,0
5883,1,0
1072,3,17
858,3,37
3002,4,0
895,3,-65
825,1,35
824,1,52
5412,4,0
3326,3,2
2630,1,19
2606,1,1
2604,1,0
2599,1,7
2594,1,18
2625,1,22
2623,1,13
1410,4,1
5425,1,19
121,3,4
3610,3,-2
3938,3,0
2558,3,-3
794,3,16
5278,1,0
5289,3,24
5771,3,-6
5699,1,4
550,1,2
48,1,1
5466,1,372
5465,1,337
2999,1,0
4859,1,9
2803,3,26
5690,1,7
499,3,-3
3149,1,7
3956,3,-11
2090,1,2
2078,1,-1
3747,3,-62
5253,1,0
5590,1,-4
883,3,-21
5005,1,-5
2545,1,-6
2568,1,-5
5363,4,0
5910,1,24
5179,4,0
1315,1,-4
4510,1,14
158,3,7
5859,3,2
5398,3,-47
3468,3,-9
377,1,582
5291,1,0
5309,3,0
5144,1,7
5716,1,21
2545,3,-2
3496,1,0
2762,1,-103
564,3,-42
5075,3,86
5197,1,0
2032,1,3
5627,1,0
166,1,1310
3022,1,1
5188,1,1
134,1,0
3993,1,-6
3434,3,9
1862,1,20
155,4,0
5505,1,281.45
5373,1,-15
5145,1,21
4374,3,4
918,3,-1
1893,1,14
5501,3,-3
328,3,66
2767,4,25
2768,4,21
2769,4,22
2804,4,0
5761,4,24
5762,4,0
2780,4,151
2801,4,144
2770,4,-2
5763,4,0
2825,4,0
2826,4,0
5764,4,0
5765,4,0
2845,4,0
2846,4,2
5766,4,0
2784,4,0
2777,4,0
2776,4,0
2775,4,0
2786,4,17
2788,4,24
2785,4,0
2789,4,0
2790,4,17
2799,4,0
2863,4,1
2864,4,0
1826,4,0
1868,4,3
1784,4,7
1783,4,5
1790,4,94
1788,4,55
1789,4,35
1794,4,18
1801,4,7
1802,4,26
1814,4,22
712,4,11
723,4,6
1408,1,3
3995,1,40
1399,3,24
3160,3,23
51,4,11
5199,4,17
75,4,98.8
80,4,123
81,4,141.5
84,4,140.5
85,4,107
447,1,71
91,4,69
92,4,64
93,4,180
94,4,84
150,4,0
5552,4,0
141,4,0
142,4,5
143,4,8
56,4,0
5831,4,1
116,4,0
112,4,0
111,4,2
5201,4,3
160,4,0
161,4,0
123,4,20
122,4,0
131,4,24
8,4,22
132,4,0
130,4,1
127,4,-1
5807,4,1
133,4,0
134,4,1
5770,1,0
5853,1,0
5852,1,14
5450,1,0
5202,4,0
224,4,0
54,4,0
222,4,0
1,4,0
36,4,64
204,4,141
184,4,52
191,4,76
196,4,8
199,4,126
208,4,199
186,4,81
187,4,190
189,4,55
188,4,84
14,4,3
15,4,3
18,4,2
12,4,1
63,4,8
64,4,0
178,4,3
3034,1,8
172,4,0
275,4,106
185,1,212
637,3,23
5414,1,12
4998,1,-5
5182,1,5
138,1,0
124,1,23
4052,3,-1148
3199,1,-10
115,1,1
3138,1,19
2706,1,0
3766,1,24
3717,1,0
5929,1,-1
1034,1,1
927,3,49
778,3,27
860,3,28
5840,1,182
5842,1,202
125,1,3
2008,1,14
5403,1,-30
37,3,80
1862,3,8
2073,1,9
344,3,226
5588,3,-18
1326,3,46
345,3,284
261,3,-1080
4056,3,186
2459,3,-20
5168,3,-16
4428,1,23
5094,1,116.2
5070,1,53
5843,1,199
345,4,118
1447,1,6
5696,3,-12
5653,3,0
2491,1,1
2462,1,21
5927,1,28
4097,4,209
4099,4,150
90,1,197.5
699,3,-22
127,1,0
350,1,799
3764,1,165
5739,1,0
5177,4,-1
5892,1,33
3185,3,12
4915,1,12
178,3,8
232,3,-26
2740,3,15
2787,1,50
3352,3,-3
3479,1,0
5944,1,0
5953,1,-2
785,1,0
3280,1,9
5947,1,17
2108,1,3
4612,1,70
2600,3,3
3220,1,405
5841,1,325
1897,3,11
115,3,-16
5399,3,23
108,1,7
5936,1,22
1775,1,-26
5375,1,0
1392,3,-2
122,1,-6
4554,1,-22
4441,1,0
4439,1,0
5694,3,-12
3862,3,3
5887,3,-2
1917,3,1
3882,3,-2
1373,3,-7
5410,3,52
5354,3,-36
4569,3,-2
4788,3,3
4513,3,3
4613,3,0
646,3,-12
3230,3,4
5946,1,11
5415,1,8
2142,1,5
232,4,225
319,3,5
5817,1,-268
3850,1,5
5960,1,0
3871,1,56
5416,1,69
5409,4,0
3820,1,4
1821,1,10
5039,4,-1
5671,1,11
3628,3,0
198,1,963
509,1,60
107,1,12
5507,1,0
4115,4,537
3579,1,53
2980,1,4
3802,1,46
2543,1,0
5095,3,6.5
5063,3,17
5054,3,6
3395,3,1
5589,3,-456.5
5177,3,-120
3815,1,0
3814,1,10
5881,1,24
2584,1,39
333,3,130
350,3,133
5453,3,-150
2723,1,12
2198,1,35
5755,3,-100
541,4,14
69,4,194
5689,3,-26
1698,1,-107
2413,3,0
4349,1,-18
4141,1,-687
5820,3,0
5112,4,22
5723,4,7
4374,4,1
2323,1,4
5837,4,0
2914,4,17
3080,1,81
5820,1,0
5485,3,-11
365,1,184
5726,4,0
2893,3,-24
1872,1,2
1807,1,0
352,1,115
2383,1,-1
1971,1,-13
2616,4,0
2728,3,3
1024,3,-7
527,1,12
5844,1,178
2773,3,-2
3254,1,71
3252,1,63
1424,1,23
4127,1,-391
4097,3,-195
3106,1,1
5304,3,-7
1366,1,143
5430,4,0
5319,4,1
2997,1,2
5362,1,25
2992,4,1
2965,4,10
2970,4,4
2955,4,-1
2957,4,11
2969,4,4
2956,4,6
2961,4,1
2960,4,7
2981,4,1
2982,4,3
2980,4,2
2977,4,0
2976,4,1
2972,4,-2
2973,4,6
2962,4,1
2963,4,14
2954,4,1
2987,4,6
2988,4,2
2989,4,8
2975,4,3
2990,4,4
2985,4,2
2986,4,3
2958,4,2
2959,4,16
2968,4,2
2967,4,14
4612,4,6
4604,4,35
396,4,2
1293,4,11
5261,4,6
414,4,4
469,4,36
465,4,61
498,4,10
392,4,15
5122,4,238
5123,4,210
1399,4,23
166,4,200
3397,1,0
2220,4,26
2214,4,17
2215,4,10
2216,4,12
2175,4,124
2176,4,61
2178,4,30
2180,4,10
2203,4,65
2204,4,35
2205,4,15
2206,4,18
2186,4,17
2188,4,48
2190,4,26
2210,4,9
2185,4,18
2187,4,18
2189,4,14
2169,4,148
2170,4,91
2171,4,56
2177,4,85
2179,4,46
2181,4,21
2199,4,35
2200,4,32
2201,4,40
725,3,10
838,3,25
4383,4,0
4522,4,800
4524,4,-300
5359,4,400
1377,4,0
1375,4,6
1374,4,0
1398,4,-11
1396,4,-1
1390,4,1
1393,4,1
1395,4,0
1373,4,9
1379,4,6
1378,4,0
1372,4,0
1409,4,7
234,3,-111
5393,4,0
1389,4,-5
1360,4,31
1312,4,16
1346,4,1
1363,4,21
3130,1,0
1364,4,25
1365,4,13
1441,4,25
1331,4,18
1325,4,33
1442,4,13
1332,4,11
1443,4,9
1333,4,17
1327,4,19
1337,4,8
1901,1,9
1328,4,14
1329,4,17
1338,4,0
1330,4,5
5228,4,53
1301,4,-1
5970,1,1
1437,4,8
1423,4,18
1425,4,11
1424,4,11
721,4,4
1339,4,3
882,1,49
5673,3,-1
5674,3,-22
2709,1,16
1394,3,-20
3487,3,36
3082,3,-19
305,4,24
2871,1,-1
790,1,0
755,1,144
453,1,16
1398,1,-5
2175,1,570
2205,1,176
2926,3,-9
3222,3,55
5841,3,36
5316,4,0
1689,1,0
5847,1,25
4788,1,14
735,1,10
2862,1,8
4042,1,24
5846,1,28
5432,1,23
4609,3,0
5311,4,0
5608,1,0
2416,1,-19
4089,3,-23
5104,1,168.5
5077,1,175
5919,1,-2
5920,1,7
685,1,-15
5975,1,-103
820,3,24
2702,4,0
2286,1,0
2335,3,-20
2709,4,4
2724,4,1
2721,4,3
2722,4,3
2704,4,3
5558,4,3
5372,4,1
2718,4,-1
5437,4,2
2719,4,0
3391,1,1
2766,4,17
2762,4,10
2764,4,34
2765,4,74
4874,3,0
3416,4,0
3407,4,-1
3401,4,0
5488,4,5
2786,3,8
3860,3,0
5283,4,0
2905,4,0
2906,4,0
2907,4,6
4499,1,0
93,1,929.5
2914,3,34
5931,1,0
5246,3,5
4464,1,0
5578,1,-7
1353,1,0
4318,1,10
2908,4,8
2912,4,23
2917,4,22
2913,4,20
2915,4,14
2916,4,9
2921,4,31
2922,4,34
2923,4,30
2925,4,26
2926,4,36
2927,4,16
2928,4,27
2929,4,21
2930,4,19
2933,4,15
2934,4,9
2948,4,7
2949,4,5
5577,1,2
5074,4,73
5461,4,31
5462,4,16
5077,4,25
5078,4,16
5464,4,26
5465,4,28
5466,4,15
5069,4,13
5070,4,9
5063,4,18
5505,4,44
5087,4,19.7
5102,4,114
5090,4,-25
5092,4,43
5093,4,25.5
5099,4,78
5101,4,25
5103,4,33
5104,4,8
4675,4,4
5416,4,10
4657,4,1
4652,4,17
4653,4,28
4668,4,129
4678,4,94
4665,4,50
4667,4,100
4662,4,50
4692,4,200
4693,4,0
3782,1,0
5933,1,10
4988,1,1
16,1,15
3063,1,0
5183,1,0
1867,1,0
3444,1,3
4454,1,-2
3488,3,28
3248,3,-79
3141,3,-68
5499,3,2
3710,3,-29
18,1,15
803,4,20
802,4,26
805,4,11
804,4,20
807,4,10
808,4,20
809,4,16
5502,4,29
811,4,6
813,4,22
841,4,5
649,4,9
949,4,11
5427,4,0
4555,4,0
4571,4,0
4558,4,0
4573,4,0
5173,4,0
3969,4,1
3959,4,0
4370,4,1
5429,4,0
3976,4,0
5928,1,82
1408,3,-1010
5258,3,-16
4511,3,55
3897,1,27
841,3,37
3241,1,-10
4775,4,4
3413,3,1
3353,1,0
3028,3,0
5206,4,0
5499,4,0
5207,4,0
5208,4,0
5204,4,0
5162,4,0
5500,4,0
3667,4,0
5415,4,5
5167,4,0
3653,4,0
3654,4,0
5501,4,0
3681,4,1
3686,4,0
3693,4,5
3692,4,4
3672,4,3
3673,4,12
5694,1,0
2302,1,0
140,4,11
5988,1,0
485,3,-2
5260,3,-13
527,3,-73
5437,1,0
3484,3,21
1385,4,0
5704,3,8
5943,1,0
5136,1,0
4805,3,2
5454,3,-68
4482,4,4
2769,3,23
5973,1,10
2992,1,-1
3846,3,156
2991,1,0
3939,3,-19
5987,1,-6
4760,3,8
2561,3,-13
3584,1,17
3715,1,0
5722,4,24
5411,4,-12
1405,1,177
727,1,-28
5955,1,-2
5990,4,0
5096,1,10
5792,4,0
986,3,-3
1314,1,11
1333,1,114
706,3,9
4101,3,1
5628,1,4
5726,3,-136
1746,3,-55
1291,3,-20
5957,3,4
269,3,0
2214,3,65
3654,3,-1
4230,3,-3
5894,1,0
5945,1,37
5747,1,0
4008,4,18
4984,1,0
5429,1,-855
850,1,-223
3834,1,7
3196,1,0
5992,4,0
3859,1,83
4007,1,10
3978,3,-2
3051,3,-7
5993,1,75
791,1,0
5717,4,0
4789,4,3
446,4,13
5938,4,2
5949,4,1
5928,4,0
444,4,20
3914,4,3
5939,4,3
5950,4,14
3999,4,0
5982,1,208
5266,1,3
3884,1,5
360,3,-76
5852,3,-3
5622,3,-5
5981,1,1
3869,3,21
190,3,-69
3894,1,10
2505,3,4
3708,1,-3
6007,1,7
3990,1,603
5958,1,8.5
5787,3,12
5974,1,8
2576,1,0
5299,1,19
5495,1,38
5673,1,0
3032,1,5
4666,1,185
741,3,19
148,1,21
4874,1,0
207,1,638
55,3,-13
5335,3,51
5842,3,30
4020,3,-1
4616,1,-5
1628,3,-6
1377,1,0
843,1,36
5267,1,25
5895,1,0
5813,1,-1
5983,1,0
3228,1,0
5448,3,14
166,3,165
4116,4,264
680,3,-627
5249,3,1
5248,3,0
2531,4,5
2442,4,13
2480,4,10
5125,1,2
2525,4,1
5126,1,-10
2521,4,2
2522,4,3
2528,4,1
2488,4,9
2490,4,-1
2544,4,-2
2581,4,0
2584,4,4
5845,1,-1
2545,4,1
2537,4,0
2556,4,0
2549,4,0
2564,4,0
2562,4,0
2555,4,0
2563,4,0
2513,4,0
2495,4,20
2493,4,0
2505,4,0
2516,4,5
2518,4,3
2494,4,16
2508,4,0
2510,4,-2
5728,1,-10
2554,4,1
2558,4,1
2559,4,3
2560,4,2
2318,4,3
2317,4,4
5574,4,5
2320,4,4
2325,4,1
5548,4,1
2323,4,4
2324,4,4
2319,4,9
2326,4,0
2316,4,0
2415,4,8
2416,4,18
1277,3,12
2361,4,7
2362,4,0
2383,4,0
3145,4,17
5454,4,19
5456,4,64
3150,4,5
3151,4,0
3153,4,15
3154,4,35
3155,4,29
3160,4,14
5169,3,2
768,3,0
3808,1,80
5640,4,5
4648,4,17
4660,4,0
5111,3,41
5118,3,50
5879,1,0
4746,3,7
787,3,3
1727,3,-3
2483,1,-68
5363,1,13
5984,1,0
5009,1,10
4996,1,2
4316,1,6
4324,1,4
4114,4,890
4070,4,220
4501,4,0
5305,1,28
2522,3,1
5750,3,-6
4106,3,-3349
344,4,127
3207,1,1
2930,1,170
2907,1,32
4855,1,8
5850,1,30
1897,1,36
4471,1,34
1449,1,8
4122,1,-28
386,1,1652
5986,1,0
4770,1,5
5530,1,8
592,1,9
593,1,3
591,1,7
2948,1,24
613,1,17
590,1,5
598,1,8
630,1,-2
5196,1,39
5274,3,-313
4123,3,-141
5103,3,-49
5064,3,0
674,3,368.6
4727,3,4
1901,3,10
155,1,2
3878,1,15
3760,1,0
5536,1,0
805,1,53
5761,1,-30
5341,1,3
942,1,26
5137,3,-4
3937,3,0
1380,1,5
3046,1,0
3513,1,30
1686,1,700
146,1,15
4116,1,2783
44,1,-12
4337,3,25
5710,1,0
2356,1,-24
5835,1,992
1815,1,-11
2764,3,103
710,3,-12
4335,3,-3
5766,1,-1
6023,1,-1
5543,1,0
4680,3,-14
381,3,-1212
3008,1,2
3982,3,-27
5969,1,0
786,1,2
3735,1,3
5100,3,-290
1208,1,-5
4707,1,0
4850,1,3
2720,1,9
2894,3,-248
3794,1,-2
3987,3,-5
1021,3,-3
6026,1,1
5176,3,41
3775,1,1
1896,1,5
335,1,65
94,3,-67.6
1341,3,3
1306,3,-12
5922,1,103
1031,3,21
3006,3,-3
846,3,14
4876,3,2
5591,1,0
2489,1,-16
788,1,5
4438,1,9
3761,1,0
1806,3,-35
1305,1,9
4337,1,203
5932,1,17
3176,1,638
3177,1,3775
1799,4,21
650,4,1
653,4,-1
5322,4,4
5026,4,6
5312,4,0
3118,4,43
5620,1,3
5302,3,0
6028,1,0
5654,4,1
5119,4,27.5
5111,4,3
5878,1,-1
1739,4,0
1740,4,1
5880,1,15
1741,4,2
5958,4,1
5284,4,-15
4337,4,15
4207,4,0
5341,4,0
3328,4,0
3343,4,2
3326,4,0
3324,4,2
5387,4,0
4127,4,82
5340,4,0
5382,4,3
5344,4,0
6024,4,0
577,4,6
5336,3,5
893,3,1
8,1,101
6029,1,6
4096,1,1581
2422,1,2
3185,1,27
5492,1,15
5642,1,0
2895,1,-3
4117,4,497
4118,4,401
4119,4,522
4120,4,146
1614,4,4
571,4,-5
573,4,0
574,4,6
5118,4,60
5116,4,84
5306,4,0
3361,1,2
5293,4,0
2774,1,10
4098,4,259
4101,4,0
4102,4,235
4106,4,486
4067,4,1000
4069,4,643
4071,4,-272
4077,4,474
4080,4,176
4096,4,670
4053,4,457
4057,4,198
4058,4,176
2731,4,0
2756,4,0
2732,4,0
2728,4,5
2733,4,0
4156,4,0
2735,4,3
1814,1,299
4642,3,-4
2588,3,8
5695,3,-9
6031,1,-2
1871,3,-119
257,3,-792
5449,1,11
307,4,0
2766,1,76
3667,3,1
5832,1,0
5282,1,4
3121,1,11
254,1,508
394,3,-3
3828,1,43
5937,1,8
2643,1,1
1450,3,6
805,3,37
5350,3,61
1389,3,-19
50,4,17
5922,4,31
5937,4,4
5362,4,3
2142,4,4
5921,4,50
5376,4,8
5361,3,4
5424,3,62
4105,3,0
5558,3,0
5210,3,3
6032,1,49
5235,1,2
4041,1,10
822,3,26
5004,3,-5
5951,1,-6
6030,1,-4
2265,1,3
1609,1,100
5419,3,-3
5418,3,-12
56,1,50
4365,3,-7
5498,3,0
5740,1,31
5703,1,57
4755,3,4
5840,3,13
5274,4,39
5245,4,39
5108,4,14
5648,1,16
5921,1,-160
6009,3,-16
5138,3,-3
2060,1,15
5037,1,7
5930,1,0
814,1,53
1895,1,55
878,3,-87
2517,3,-10
5855,1,55
1310,3,-1
3485,3,17
1325,3,41
907,1,69
4049,4,359
5550,3,-2
5185,3,-13
689,1,10
631,1,-2
754,1,495.5
216,1,236
2949,1,19
1824,1,3
254,4,86
255,4,59
257,4,169
259,4,85
258,4,25
261,4,252
290,4,4
1811,1,17
1827,1,9
292,4,14
342,4,101
343,4,68
340,4,291
191,1,610
341,4,174
227,4,110
229,4,48
228,4,66
225,4,121
226,4,166
253,4,101
333,4,84
331,4,27
332,4,19
334,4,67
336,4,37
330,4,26
329,4,68
311,4,0
284,4,1
286,4,1
350,4,80
348,4,35
349,4,26
351,4,26
355,4,28
234,4,183
235,4,50
233,4,123
1403,4,0
6064,4,0
1320,1,13
987,1,1
391,3,-11
5085,1,205.75
1413,3,-2471
4817,3,0
2924,3,16
4918,3,-7
689,3,3
5421,3,10
1309,3,4
1362,3,-9
1375,3,-23
2806,3,-9
4777,3,7
233,3,-115
5989,1,0
2759,1,0
5782,3,3
5340,1,2
2089,3,5
5061,1,19
5752,3,0
5175,3,3
830,3,13
5665,1,5
6067,1,1
1939,1,1
6068,1,0
6069,1,0
6070,1,0
6071,1,0
6072,1,0
4504,1,1
3368,3,-3
2110,1,3
6073,1,12
2579,1,18
2548,1,6
3552,3,-9
5185,1,2
240,4,58
359,4,769
5725,4,530
371,4,100
375,4,12
385,4,101
386,4,166
387,4,594
384,4,570
367,4,66
247,4,37
245,4,47
248,4,47
249,4,43
273,4,68
389,4,7
390,4,0
274,4,100
279,4,52
347,4,0
1445,4,5
5885,1,14
5710,3,1
3868,3,-18
187,3,225
4722,3,-2
5939,1,17
4658,4,1
184,1,162
5831,1,3
5654,3,3
4609,1,16
2307,3,-47
3202,1,-26
3628,1,-1
2511,1,9
2515,1,0
2514,1,8
5646,1,20
2846,3,-9
1541,3,-11
653,3,1
2410,1,35
18,3,3
227,3,28
256,3,130
1354,1,10
4043,1,2
5855,3,-85
3943,1,-6
5378,4,175.5
5810,1,0
2207,4,13
1357,1,6
4796,1,4
4862,1,0
4764,1,11
5985,1,0
5956,1,1
4125,3,-17
1745,1,85
3457,3,14
124,3,7
5312,1,0
5183,4,1
3925,1,13
5039,1,12
5123,3,1925
3617,3,0
5298,3,21
5821,3,-12
5290,1,4
4767,3,20
3832,3,0
4358,3,-547
2581,1,20
4768,3,3
4854,3,4
4487,1,0
6098,1,28
6099,1,12
4474,1,2
6095,1,0
5539,1,8
5537,1,0
5538,1,19
247,1,267
2638,1,14
5990,1,17
3061,1,0
2415,3,-11
4612,3,10
4008,3,-4
6114,1,281
1014,1,20
6129,1,0
6130,1,21
2499,4,13
5620,3,-5
5811,3,-16
2150,3,-6
6034,3,-105
5844,3,30
571,3,-17
225,3,257
6121,4,0
5490,1,15
3194,4,-1
5431,1,5
3723,4,1
5313,4,0
4474,4,3
6095,4,2
6070,4,0
6068,4,-2
6069,4,0
6098,4,3
6099,4,4
2108,4,1
5537,4,0
5538,4,8
6072,4,0
6071,4,1
5180,1,0
6189,1,0
6021,3,-11
1099,3,-10
1062,3,1
1093,3,-6
1006,3,-2
874,3,6
6019,3,-88
5948,1,-19
3817,1,18
2529,3,1
5400,1,0
296,1,381
262,1,122
3875,3,10
291,1,281
5839,1,1
5244,3,-21
731,1,23
4142,1,-420
2261,1,4
2263,1,88
5024,3,-5
3155,3,-124
5874,3,4
2619,4,0
595,1,6
818,3,18
5227,3,-67
1869,3,0
5803,3,0
83,1,345.5
465,1,452
3316,3,-3
5250,3,-8
2715,3,1
5251,3,-8
6199,1,1
3932,3,10
5124,3,4
349,3,69
332,3,-47
509,3,-113
5940,1,0
6038,1,0
5094,3,10.5
5070,3,15
1438,3,10
1801,3,-213
254,3,-263
5646,3,24
1437,3,8
543,3,5
4006,3,7
550,3,-15
3983,3,-35
3711,3,-59
5976,3,-1
3083,3,-9
1450,1,3
4219,3,0
5372,3,1
5437,3,-2
5719,3,-4
1874,3,113
1334,3,-7
348,3,-62
331,3,-16
1810,3,2
3145,3,-171
274,3,-116
2913,1,159
3993,4,0
1122,1,9
334,3,68
351,3,90
1962,3,9
6035,3,-38
563,4,16
343,1,921
3394,1,0
3795,1,82
2829,1,0
5045,1,49
3999,1,0
469,1,220
3368,1,0
5640,3,18
5364,1,0
2692,1,4
2686,1,10
1951,4,15
5004,1,0
3952,1,0
1081,3,-3
5935,1,31
646,1,34
2573,1,-133
329,3,96
2629,1,11
290,3,5
385,3,277
3355,3,-1
466,1,81
5533,3,271.5
2610,3,0
6114,3,57
5729,3,-17
2307,1,0
5624,1,1
2916,3,13
577,1,7
275,1,660
4722,1,2
3287,1,3
3261,1,-1
5729,1,0
2186,1,195
5957,1,40
658,1,196
440,1,301
4212,1,0
2656,1,0
2655,1,0
5584,1,2
5188,3,-16
6082,4,0
5218,1,200
5219,1,0
4294,3,-12
4293,3,-7
836,1,24
837,1,16
3436,1,0
6216,1,0
3755,1,9
3538,1,0
809,3,36
745,3,96
3437,3,4
5405,3,25
2174,3,130
5575,3,-5
3805,1,0
5146,1,0
898,1,-24
1373,1,21
728,3,52
5745,1,0
3879,1,0
3021,1,7
5773,3,-2
5386,3,3
502,1,10
384,1,1375
1823,1,6
5803,1,0
3613,1,100
5807,1,1
5367,1,0
5554,1,3
5639,1,1
6010,3,-18
6219,1,0
5486,1,192
6220,1,0
4648,1,68
2967,1,31
3916,3,-6
1105,3,7
2732,1,1
2730,1,-48
5882,1,9
3437,1,6
3391,3,-7
3151,1,-5
6209,1,0
3205,1,45
981,1,0
2301,1,2
4055,4,671
5227,4,0
5899,4,0
3416,1,0
2736,1,-8
4435,1,0
6221,1,0
2548,3,-36
6222,1,20
5628,3,-5
5720,4,2
5497,1,1
5389,1,6
133,3,0
5346,3,6
2782,1,-50
3755,3,-5
5179,1,9
2524,3,-18
5727,4,1
2228,3,0
221,3,2
6224,1,41
6225,1,5
6226,1,10
6227,1,4
6228,1,6
6229,1,5
6230,1,3
6231,1,0
6232,1,3
5504,3,-2
5979,1,15
5711,1,2
3633,1,16
5594,1,10
1634,3,-1
5318,1,11
2934,1,73
3706,1,-1
2705,1,0
4110,4,478
4467,1,4
3624,3,6
5673,4,0
766,1,0
574,3,-63
2998,3,-3
4074,3,3
182,1,0
4872,1,3
5386,1,16
543,1,0
1334,1,42
719,1,1
4434,1,0
2462,4,43
5390,1,-1
3058,1,-3
2031,1,8
4000,4,1
2192,1,92
2204,3,45
1319,3,4
3150,1,6
806,3,41
1952,3,19
118,3,-48
5972,1,-10
1077,3,-7
5246,4,4
2224,3,26
5859,1,11
3682,4,0
3875,1,28
4219,4,0
5242,3,-17
5027,4,13
999,3,-4
5657,1,0
1741,3,-1
4762,1,6
5305,4,8
1873,1,0
1695,1,600
2090,3,-3
2060,3,4
5450,3,-4
1311,3,7
6114,4,87
2975,1,0
2861,1,2
576,1,6
2928,1,139
5501,1,-1
4611,4,4
57,1,19
5231,1,3
5082,1,1
822,1,-5
5875,1,1
3047,1,0
6246,4,0
6247,1,51
3648,1,-9
3226,1,82
292,3,19
5,3,-11
86,3,149.5
1326,4,11
5990,3,0
6248,1,0
5234,1,2
928,1,26
5380,1,-1
3077,2,1
4726,1,6
1991,3,-1
5306,3,-1
6030,3,-1
95,1,947.5
292,1,349
2950,1,29
4071,3,-426
2244,1,77.7
1333,3,20
5301,3,-1
71,3,85
5756,3,-81
2860,1,1
2036,1,6
4665,1,1291
3206,1,-12
38,1,4628
3673,1,3
2489,3,0
4056,1,6470
3885,3,-36
3461,1,80
5506,3,-2
2659,4,0
932,3,-3
5805,1,0
2654,3,2
3311,3,-2
3443,3,3
88,3,93
5271,1,0
2857,3,-2
671,3,523
5877,1,-3
2447,1,6
5790,3,-1
4409,1,-21
3469,1,0
2654,1,3
1481,3,-1
5898,3,-7
48,3,5
164,1,0
5559,4,3
6250,1,0
2073,3,2
5297,3,9
1436,3,34
327,3,-310
535,1,-2
5505,3,-40.7
4947,1,4
3262,3,-1
5763,1,-3
3575,3,-10
5609,1,13
2075,1,-2
5717,1,8
3485,4,6
5852,4,5
5498,4,2
6224,4,9
3779,1,37
5374,1,-2
675,3,403.5
584,1,11
3008,3,-6
5174,3,-3
375,1,34
3744,1,0
3916,1,0
3512,3,24
5973,3,-403
4300,1,-13
5884,3,1
4033,1,8
6040,1,-18
5857,4,5
3153,1,53
5081,1,78
5935,3,-10
4425,1,45
2083,1,0
4315,3,-130
6200,1,-39
1863,3,0
4357,3,-314
4098,3,-577
532,3,-28
355,3,-1509
2999,3,-14
5638,1,327
6093,1,9
6094,1,5
2415,1,-12
5292,3,-4
4257,3,35
5632,1,1
3702,4,3
6241,1,2
1699,1,67
6251,1,-1
4734,3,4
4733,3,3
6252,1,0
3751,3,-23
4752,3,3
1807,3,-16
4666,3,100
4857,3,3
1364,3,-67
4778,3,3
3053,3,6
1625,3,-64
2513,3,0
3005,1,30
1441,3,24
549,3,-6
1337,3,6
297,3,-56
5844,4,17
1379,1,3
2087,3,0
1362,1,1
3756,1,0
4560,1,-7
2781,1,4
3127,1,0
3868,1,175
3843,1,0
3886,1,34
2835,3,0
5410,1,16
3434,1,0
3446,1,20
1808,4,22
3863,1,17
765,4,3
215,1,281
4115,1,2937
1670,3,15
1506,1,-3
1507,1,2
1909,3,24
2656,4,3
762,1,0
4749,3,9
1451,3,14
271,3,-1293
367,3,-612
4669,3,-50
5941,1,27
3596,3,10
3623,3,4
5551,3,-11
935,3,5
873,3,7
3017,3,-211
2484,3,-23
2485,3,-10
2573,3,-29
531,3,-5
533,3,-4
241,3,0
4859,3,3
2295,1,1
6257,1,0
4373,1,0
4053,3,-555
2165,3,-8
6070,3,25
4054,3,964
3718,1,7
4465,1,0
3704,3,0
3559,1,2
5366,4,0
2227,1,20
2182,1,0
2212,1,29
5924,1,4
366,1,31
6208,1,11
5880,3,18
1073,3,-77
5285,3,21
3216,3,-2
4456,1,2
4442,1,0
4452,1,1
5559,1,21
817,3,10
5297,4,6
5280,1,-9
5112,3,24
5295,3,19
6082,1,-10
1442,3,31
5279,1,43
3032,3,4
3095,1,-3
3189,1,4
3218,1,4
5767,4,0
2495,3,18
3339,1,1
2719,3,-5
3396,4,1
5550,1,5
3857,1,86
5175,1,10
4801,1,11
5344,1,0
897,3,23
70,3,-1
5931,3,-29
449,3,-6
4760,1,9
3244,1,1
190,1,1583
3397,4,0
5539,4,3
1899,4,11
5324,1,0
5532,3,7
243,3,14
4360,3,-253
4093,3,-6
5510,4,0
4050,3,-675
3622,3,-3
6258,1,1
1798,4,4
4501,1,0
4513,1,6
65,1,-1
4358,1,-1
4071,1,-5
6259,1,10
2168,1,0
3009,1,19
5652,1,8
6261,1,10
6260,1,4
6262,1,5
1883,1,5
4495,3,8
1787,3,-1
2732,3,0
1415,1,-29
3219,1,452
5164,1,28
2482,1,-875
5934,1,0
1221,3,-1
4118,1,889
5737,1,356
5370,1,-18
5975,3,-20
4750,3,7
237,3,-24
2310,1,23
1731,1,-1
1,1,-2
1163,1,1
23,4,34
5451,1,16
6001,1,3
3363,1,2
1022,1,4
2235,1,0
5647,1,26
4376,4,1
2707,1,0
5843,3,17
2237,3,-31.5
6001,3,-1
382,3,-206
1707,3,-419
5451,3,-6
3363,3,-2
5240,3,-2
5647,3,8
1022,3,4
2235,3,-20
4803,1,-3
5035,1,19
6264,1,-556
448,1,30
3301,1,0
4866,3,0
977,3,-13
567,1,13
4604,1,281
27,1,39
498,1,24
5192,3,0
4362,3,-135
3005,3,2
3029,3,3
5627,3,-2
5887,1,-3
3093,3,0
5704,1,48
3714,3,24
5058,3,-37
4148,4,394
5782,1,0
1971,3,-7
1907,3,24
5015,1,50
347,1,-4
2580,3,0
2544,3,3
5608,3,-7
564,4,14
547,4,1
2543,3,-1
4072,3,-734
1900,3,0
5400,3,-4
5950,1,300
3855,1,116
131,1,54
4658,3,-4
695,3,12
2709,3,4
3407,1,2
3914,1,7
4016,1,10
2207,1,311
5474,1,1
5333,3,29
346,4,91
327,4,160
3305,1,4
4097,1,3524
1095,3,2
3995,3,9
3825,1,1
3759,3,2
2285,1,0
5625,1,0
5085,3,-51.5
5461,3,-55
135,1,1
1293,3,-33
4741,3,11
2994,3,-2
2733,1,1
3070,1,24
6081,3,-1
6267,1,2970
6268,1,3374
6269,1,3270
6270,1,478
6271,1,930
3087,1,0
3091,1,0
3089,1,0
5416,3,11
5736,3,-5
5075,4,41
2563,1,-1
200,1,655
5342,1,-5
2210,1,22
1731,3,-4
1625,1,172
5698,1,0
5539,3,3
5938,1,14
5818,3,-27
4543,3,-13
5253,3,-2
3866,3,2
2434,3,-3
4102,3,-901
6275,1,-1
6272,1,4
4483,1,1
5783,1,0
6273,1,5
6274,1,0
2081,1,12
6276,1,0
6277,1,8
6278,1,0
6279,1,0
6280,1,0
4424,3,-14
2765,3,29
2683,1,62
3462,1,15
5445,3,6
3932,4,0
2521,3,0
4203,3,-2
5679,3,9
916,1,1
881,1,-1
924,1,23
5178,3,-6
1747,3,-16
1749,3,-16
876,3,-59
2655,3,0
144,1,-8
688,3,5
3420,3,0
192,3,264
418,1,0
415,1,4
3022,3,0
4681,1,0
2577,1,-13
4049,3,0
2246,1,196.1
242,3,0
3909,1,9
6091,1,4
5445,1,77
371,3,137
387,3,-188
6115,3,0
6224,3,-53
807,3,22
4607,3,0
803,3,54
812,3,24
2966,1,-4
5052,3,1
4775,3,3
4524,3,-558
1345,3,31
813,1,89
4095,3,-2
735,3,0
5835,3,26
3020,1,280
3039,1,8
358,1,198
3025,3,1
2894,1,0
831,1,16
5241,3,-18
1370,1,3
3035,1,126
5630,1,2
1751,4,6
5391,4,11
5557,3,15
1975,1,10
3585,1,1
260,1,195
4090,1,-8
36,3,75
3858,1,115
5494,3,0
3113,3,4
3048,3,0
3046,3,0
5130,1,22
5129,4,5
3842,4,0
3073,4,8
5854,4,9
3843,4,0
5385,4,0
5348,4,13
1071,3,-20
4468,1,1
467,3,-103
5465,3,65
3124,1,16
3895,1,13
810,3,48
6258,3,-2
3066,3,4
2188,1,6
6288,1,138
6233,1,-69
4006,1,26
4916,3,2
54,3,14
340,1,100
4111,1,-100
2297,3,7
6220,3,20
2414,1,-1
434,1,-9
1864,3,-182
346,3,159
272,3,-556
6256,3,-108
1740,3,-3
5300,3,-5
870,1,10
507,1,16
6039,1,20
4791,3,2
289,1,10
585,1,7
597,1,7
763,1,3
5077,3,-69
5104,3,34.3
240,3,86
5700,3,-17
4734,1,8
5678,1,82
3062,1,0
2701,3,-48
2231,3,-21
2519,3,36
5187,3,-7
3454,1,23
5514,1,-2
1798,1,16
2516,3,0
3713,4,0
2605,1,28
5759,3,-1
3074,3,-98
3709,1,0
1374,3,0
3602,1,0
6206,1,7
873,1,0
5893,3,-51
2422,3,-5
4779,1,10
4856,1,6
4699,1,0
5935,4,3
6111,4,30
1745,4,2
6292,1,12
4736,1,7
6293,1,-14
6294,1,-1
613,4,0
5942,1,14
3991,1,8
5644,1,96
588,4,0
3816,3,2
5848,3,-39
6296,4,0
4615,4,9
3929,1,0
59,4,17
1963,3,11
6297,1,-10
20,1,0
4947,3,2
4946,3,4
2718,3,5
4021,1,4
3324,1,6
5721,1,5
5478,1,-8
2206,1,126
3994,3,10
5300,1,1
5321,1,8
6298,1,-2
3944,1,94
3750,1,6
5856,1,0
3849,3,3
5644,3,49
3860,1,0
5986,3,3
3943,3,22
6231,3,4
6230,3,-5
6232,3,-4
828,3,17
5210,1,7
5866,1,0
2885,1,3
5626,1,-1
833,3,24
390,3,5
2702,1,1
5435,1,0
5339,1,271
6299,1,3
5597,3,31
5589,1,-3
5166,1,49
5322,3,3
5764,1,-1
5320,1,0
2997,3,0
6300,1,0
3629,3,13
142,3,-2021
4057,3,90
5314,4,2
2064,3,3
3018,1,-538
5892,3,-45
6301,3,-2
2518,3,1
4315,1,160
2905,3,23
372,3,59
6291,1,0
6122,3,-12
5944,3,1
1312,3,15
6302,1,854
6303,1,345
189,1,1576
566,1,11
4477,1,6
4221,1,-16
3931,3,4
6304,1,1
202,3,0
145,3,-4
530,3,-9
2170,3,234
5643,3,13
5548,3,-16
2165,1,-1
1784,3,-17
6037,3,-48
4698,1,0
4670,1,750
5890,3,-35
2024,1,4
2735,3,3
4802,3,5
4744,3,4
1867,3,-8
1820,3,-3
4428,3,-9
1794,3,-136
2215,3,63
4870,3,-10
4042,3,-3
534,3,-27
3125,1,3
4466,3,-13
5638,3,5
2800,1,163
5179,3,-3
5337,3,30
1047,3,-15
2317,1,-6
453,3,6
2466,1,5
5385,1,6
724,3,-3
1439,1,80
1308,3,-10
1330,1,33
3843,3,2
2488,3,0
3621,3,2
3019,3,-57
6113,4,0
6112,4,18
6177,1,1
6179,1,5
6181,1,8
5875,4,5
6186,1,0
6196,1,-10
6185,1,1
4554,4,0
5944,4,0
5945,4,0
3580,1,55
5666,3,0
5765,1,2
880,1,42
2974,1,-1
3096,3,-1
5822,3,0
99,3,-4
78,3,-381.7
5504,4,0
5891,3,-13
251,1,443
5725,1,1799
293,1,293
5299,3,5
2637,1,61
6222,3,-8
5482,3,47
551,1,9
2714,4,0
2081,3,20
5358,3,5
5458,3,-1
3912,1,4
2166,1,-149
5982,3,35
6307,1,18
6007,3,-24
1636,3,5
1751,3,-20
3793,3,12
168,3,1
3589,1,0
1893,3,3
1403,3,-4
1095,1,-1
6308,1,1
6309,1,47
6310,1,30
2324,3,-22
6211,3,-6
5509,3,-1
6312,1,42
2089,1,6
4330,1,0
186,1,192
6121,1,-48
2720,4,0
3678,3,-1
5375,3,-6
2309,3,-10
5592,3,-11
5481,3,23
6141,3,-8
5105,3,-12.4
5078,3,-34
2733,3,5
3954,3,-6
3065,3,5
5534,3,-36
1264,3,-6
1207,3,-13
3546,1,0
3461,3,19
2833,1,-5
3049,3,0
1133,3,-8
5237,3,-619
2431,1,-9
1449,3,4
3111,3,-45
2495,1,3
6315,1,13
191,3,43
5718,1,4
3254,3,10
1240,1,0
6305,4,-1
6272,4,0
6309,4,0
3422,3,-74
3463,3,-10
2234,3,-2
5035,3,-29
5860,1,0
3131,1,1
6316,1,19
5317,1,0
1379,3,2
2743,3,-6
228,1,658
556,3,8
524,3,-879
4359,3,-1357
4491,1,3
2935,1,26
1946,1,-2
5825,3,0
2281,1,2
96,1,329.5
5954,3,-6
5265,3,-5
4208,1,1
5373,3,0
3229,3,-2
6314,1,-4
5556,3,3
4506,3,-2
6309,3,-5
3488,4,8
1783,1,32
1328,3,6
2622,3,-11
5129,1,2
1636,4,7
1100,1,0
5596,1,1
3629,1,45
731,3,9
3204,1,20
402,3,-1
723,3,-22
1410,3,-46
3136,3,-26
823,3,9
912,3,7
4463,1,0
4455,1,0
3163,3,36
5101,3,-48.2
1926,3,3
112,1,-1
2530,1,-9
2796,1,0
4871,3,3
6306,1,53
5388,1,-1
4757,1,12
4821,3,-2
402,1,0
1621,3,0
5969,3,-11
5384,3,-28
3765,1,153
1324,1,-3
5308,3,1
493,3,-2
5178,4,-1
1777,3,-1
6317,1,0
3801,3,-4
8,3,10
568,4,6
1439,4,8
1446,4,0
6038,4,1
6318,1,0
6319,1,0
3930,1,1
6320,1,44
6321,1,5
6322,1,3
6323,1,9
6324,1,1
2325,1,7
6046,1,0
6049,1,0
6050,1,0
6060,1,-5
5374,4,0
5436,4,5
4496,1,4
6325,1,0
6326,1,0
6327,1,4
6328,1,0
6329,1,100
6330,1,3
6331,1,24
5060,1,1
2065,3,4
3732,3,1
1826,3,2
330,3,-1146
560,1,7
6255,1,-11
474,1,-25
197,1,383
5795,4,0
5463,1,1
6333,1,-3
1580,1,-1
6234,3,-3
6201,1,29
5058,1,76
4834,1,0
423,1,36
4797,1,0
5452,1,23
6334,1,28
773,1,-7
6282,1,0
5480,1,1
5856,4,0
1607,4,0
3158,3,-83
23,3,6
1445,3,4
1334,4,6
1802,3,-5
1339,1,48
3855,3,83
5459,3,-4
145,1,0
3052,3,6
6335,4,5
1905,3,0
3153,3,-27
1327,3,20
529,3,-5
4699,3,-1
4862,3,0
127,3,-3
6288,3,-56
4121,3,-76
2996,3,2
439,1,216
767,3,2
1300,3,14
2741,3,5
1785,3,-92
545,4,21
6082,3,-3
3365,1,-3
4345,3,35
5746,1,25
1350,3,4
2801,1,859
5697,1,9
847,3,18
4004,3,-7
4873,1,0
43,1,-50
4102,1,-250
2247,3,3
2265,3,4
3208,1,0
3361,3,-2
539,3,-32
3470,1,0
5339,3,-85
4694,1,-50
4573,3,-13
6341,1,-421
2179,3,19
39,1,-50
2028,1,8
6343,1,2
1384,1,-37
6290,1,-3
3513,3,15
2959,3,15
2963,3,16
6092,3,-1
5592,1,10
1267,1,-6
1224,1,5
5716,3,6
1895,3,8
6346,1,0
3866,1,0
6342,1,1
5614,3,-2
1404,3,6
2977,3,0
2972,3,9
2964,3,9
2980,3,6
3465,3,1
389,3,11
1340,3,4
2007,3,-1
3648,3,3
6349,1,0
3201,3,-1
6036,3,-18
1797,1,-23
1787,1,3
73,3,-46
1612,3,99
6344,1,0
5515,1,3
1880,1,-2
5909,3,-54
199,1,1964
6350,1,0
5912,1,-1
5098,3,-2
5057,3,-1
2967,3,10
6340,1,38
2316,1,4
1338,3,6
236,3,-113
4189,1,0
4295,3,-2
2316,3,-17
6351,1,0
5819,1,11
6368,1,69
6237,3,-10
5037,3,-10
5984,3,3
2953,3,7
3957,3,-1
134,3,-4
6369,1,0
4857,1,6
4770,3,4
3894,3,43
6085,1,-6
6147,1,-6
6047,1,-2
6138,1,0
6088,1,0
6084,1,0
6144,1,0
6153,1,-2
6143,1,5
6152,1,-6
6043,1,-3
6044,1,0
6061,1,0
3653,3,-6
6340,4,5
6369,4,0
3704,4,2
3705,4,2
3706,4,1
1893,4,6
4725,1,6
3946,1,96
3036,1,93
6345,1,1
6018,3,-19
6348,1,6
3478,3,-5
3279,1,-5
4569,1,-1
5971,1,-2
6352,1,-1
222,3,-9
52,3,24
49,3,15
6364,1,-3
5087,3,-61.3
2233,1,0
3397,3,0
5517,3,-4
3599,1,0
2976,3,12
2160,4,2
5677,4,12
4229,3,-2
6356,1,3
1369,1,23
2491,3,0
5591,3,2
5215,1,-16
5728,3,-9
3742,1,2
1738,1,3
3996,1,2
465,3,-48
6339,1,-20
5321,4,3
2759,3,0
4079,3,-89
6390,1,1
6397,1,-2
2909,1,29
3828,3,6
3808,3,-11
5894,3,-1
3192,3,-38
3797,3,-2
2845,1,-5
155,3,0
2761,1,2
1876,1,0
2757,1,0
249,1,218
6369,3,-31
481,3,-1
5190,1,0
4070,3,-416
2964,4,10
6362,1,-59
361,3,-53
3143,3,-67
4513,4,2
6341,3,-44
3645,3,-18
3820,3,32
2505,1,11
6398,1,2
6367,1,14
737,1,-1
6388,3,-4
617,3,-2
1998,3,2
3226,3,-23
5829,1,0
4667,1,450
6244,1,3
3506,1,1
885,1,-6
6399,4,-1
3941,4,0
3714,4,0
2654,4,0
3084,3,-1
1407,1,11
936,1,75
422,1,3
4552,1,0
5377,1,0
200,3,378
5652,3,3
3619,1,0
5901,1,-2
6387,1,16
5431,3,1
4747,2,3
4771,2,1
4736,2,-84
4738,2,3
85,2,100
1693,2,0
1691,2,0
4478,3,0
6391,1,21
3335,1,8
6400,1,0
6401,1,60
3318,1,2
1998,1,5
6380,1,2
6402,1,0
1635,3,3
6403,1,0
2064,1,1
3324,3,-3
6381,1,6
3472,1,0
5039,3,-4
1669,1,-4
6371,1,41
5374,3,2
2922,3,42
865,3,3
4041,3,26
6404,1,30
6405,1,99
6406,1,25
6407,1,-40
6408,1,0
6409,1,6
6410,1,0
6411,1,-2
6412,1,-26
4106,1,-290
5499,1,4
3082,1,-7
1997,1,2
1996,1,2
6413,1,1
2915,3,24
3892,1,14
5997,1,4
5535,3,29
551,3,-2
2180,3,6
2225,3,6
1124,1,-2
3051,4,3
1901,4,16
5617,4,0
447,3,-13
6374,1,3
5542,1,0
6375,1,0
680,1,-518
2336,1,-12
5305,3,6
4675,1,4.5
6109,4,1
1378,1,1
3863,3,-18
3903,3,-1
5336,1,15
6417,1,0
973,3,-5
6336,1,17
6388,1,30
976,1,-1
3114,3,1
3045,3,0
5875,3,1
3774,1,46
5195,3,-58
170,4,9
5405,4,20
6404,4,0
6405,4,-1
6406,4,0
6403,4,0
1347,4,5
6416,1,-10
2465,1,5
3797,1,6
2583,4,0
3184,3,42
53,1,75
2500,1,-2
6422,1,2
110,1,0
5697,3,-10
3770,1,0
6290,3,-4
114,3,5
832,1,-2
3677,1,0
6415,1,-28
5816,1,0
3309,3,-2
431,3,-5
5215,3,-5
1391,3,-6
5838,1,0
2972,1,0
6280,3,-3
5010,3,-50
5409,1,0
6382,1,91
2160,1,53
5541,3,3
2724,1,21
6418,1,0
5854,1,22
2217,3,-23
5772,1,0
2504,1,-10
5834,1,353
5184,3,-2
5538,3,4
5310,3,3
6201,3,11
5693,3,-14
5760,3,-6
4661,1,150
5320,3,0
2927,1,163
4427,1,45
2142,3,6
4821,1,4
5585,3,-17
1347,3,9
5645,3,24
3165,3,34
5706,1,32
5930,3,0
1033,3,-11
4801,3,3
567,3,-4
293,3,32
377,3,222
384,3,813
1365,3,15
4528,1,4
6377,1,23
6423,1,-1
6427,1,-196
5698,3,-12
3753,3,-4
6400,3,16
525,1,6
2266,1,15
4372,3,1
4558,1,0
275,3,-57
2210,3,0
6404,3,-9
5895,3,8
5308,4,-1
5309,4,0
5310,4,2
3026,4,1
3027,4,0
3028,4,1
3029,4,0
3030,4,0
6341,4,-2
6440,4,0
6441,4,0
5897,1,-2
3112,1,4
5531,1,0
4514,4,2
1404,4,10
4212,4,0
1629,3,-9
1324,3,-1
90,3,38.5
6041,1,0
6051,1,0
843,3,7
4566,1,-6
19,1,2
3953,4,0
3131,3,0
5381,1,15
1216,3,-4
2977,1,-6
2983,1,4
4629,1,1
4662,1,150
2145,3,-8
223,3,-41
6433,1,76
5051,1,30
5487,3,5
1809,3,-8
3753,1,3
6438,1,9
4333,3,-4
2260,1,7
117,1,12
5943,3,4
4559,1,-1
832,3,1
3881,1,15
3027,3,2
1938,4,3
1939,4,4
5024,4,0
5982,4,10
5540,4,5
5541,4,1
6374,4,0
6373,4,0
6380,4,3
6381,4,4
6377,4,0
6430,4,0
6257,3,-42
3679,4,0
4001,4,0
5615,4,6
6405,3,-52
6414,1,-45
2169,3,181
5071,1,17
2966,3,7
3173,1,72
3713,3,0
5922,3,140
1633,1,1
3881,3,11
5308,1,0
5765,3,-19
4000,1,6
106,1,0
6436,1,14
3044,3,5
5857,3,5
4510,3,6
559,3,4
541,3,9
303,3,114
565,3,16
2913,3,13
548,3,1
3946,3,81
300,3,3
5756,1,0
5054,1,23
951,1,5
5618,4,-1
6064,3,-6
2621,3,-11
49,1,33
1224,3,1
6444,1,-59
567,4,7
559,4,3
614,1,4
3907,1,0
6461,1,0
5602,1,2
433,3,-10
1871,4,0
374,3,8
408,3,-4
6343,3,0
5610,3,9
5119,3,-853
4482,3,-2
5674,1,0
6333,3,-20
816,1,19
64,1,-3
6379,1,1
5971,4,0
6454,4,0
6459,4,5
6452,4,1
6453,4,0
6462,1,56
6360,1,7
1246,1,-2
2902,3,-3
4917,3,1
2323,3,-24
4120,1,1000
6277,4,5
2144,4,0
3139,4,1
156,4,4
6274,4,1
2032,4,4
5713,4,1
5322,1,1
6467,1,-3
2908,1,16
2940,1,14
3814,3,5
2784,1,12
3009,3,2
3724,4,0
6427,3,-41
1923,3,3
1440,1,6
2318,1,-4
5216,1,300
2294,3,-1
3613,4,0
5258,1,77
1063,3,0
3136,1,1
2917,3,27
3792,1,2
2955,1,1
2970,1,2
2961,1,1
2969,1,17
2958,1,5
2985,1,0
2989,3,20
5622,1,0
4451,1,0
3427,3,5
5541,1,6
5993,3,17
3304,1,2
2663,1,1
3792,4,3
3796,4,3
3797,4,4
3798,4,3
3795,4,5
4873,3,0
5830,3,7
416,3,-5
337,3,-1
356,3,-1
5491,4,0
5176,4,0
1747,4,22
1925,3,5
902,3,17
1285,3,-3
882,3,49
1690,3,300
1694,3,300
1695,3,100
3998,3,0
2641,3,-3
5641,1,22
6399,1,3
6469,1,10
5949,1,110
1911,3,0
4403,1,4
4405,1,24
2965,3,6
2957,3,11
2956,3,9
2986,3,7
2975,3,5
2984,3,10
6406,3,-12
6410,3,-1
6411,3,0
5173,3,-2
4803,3,0
5833,1,46
1040,3,-18
3879,3,-80
5181,3,3
6437,1,0
544,1,0
6442,3,-266
566,4,10
558,4,7
5803,4,0
6288,4,2
1424,3,-34
685,4,2
5960,3,-18
6464,3,-2
1877,1,0
1829,1,0
6358,1,5
3299,4,0
5371,3,-498.5
762,4,0
2224,1,37
5315,4,0
2178,1,170
6116,4,0
6393,4,1
5367,4,1
5790,4,0
3738,4,0
3735,4,4
5025,1,0
5442,1,1
5443,1,1
5446,1,4
5447,1,0
5511,1,0
5800,1,1
5316,1,0
704,1,1
3023,1,1
5653,1,0
2946,1,9
2548,4,1
6390,4,11
5810,4,6
4375,4,6
6395,4,-2
3728,4,0
1659,4,0
5724,4,0
6394,4,0
4221,4,0
3708,4,3
3707,4,2
3709,4,3
3701,4,5
3703,4,0
2610,4,0
6396,4,0
132,1,6
5427,1,2
6460,1,0
2175,3,160
3729,4,0
3720,4,0
5661,4,0
5420,1,7
2146,4,2
6472,1,0
6108,4,1
2663,4,0
1628,4,0
3282,1,-3
1626,4,0
1623,4,0
1619,4,4
2621,4,0
2620,4,0
2064,4,1
5889,4,0
5666,4,0
6119,4,1
1972,4,0
3303,4,0
3304,4,0
6343,4,3
5777,4,0
5506,4,-1
1974,4,1
2719,1,-1
2996,1,0
1961,1,1
4507,1,1
54,1,21
5733,1,2
5983,3,1
5147,1,15
3764,3,121
3846,1,118
289,4,1
287,4,0
4010,4,3
4011,4,4
4020,4,2
4019,4,3
4021,4,4
4009,4,6
4022,4,3
4025,4,0
4034,4,3
4035,4,5
2208,4,0
6269,3,-89
3777,4,1
6458,1,-7
3547,3,-3
835,1,27
4962,4,0
4963,4,0
4970,4,0
6392,4,0
6316,3,6
3901,4,7
5307,4,2
575,4,4
576,4,7
1060,4,0
6127,4,9
1906,1,11
196,1,0
6125,4,1
5282,4,20
5726,1,16
5760,1,0
5419,1,0
5574,1,-1
2354,1,-19
2534,4,2
2519,4,8
2526,4,0
2528,1,1
3409,1,0
3414,1,0
5150,3,52
6463,3,27
6474,1,-2
5140,3,43
2208,1,15
4061,3,-527
880,4,7
5674,4,0
852,4,18
3174,1,156
5637,1,30
3118,1,1
2931,1,39
4213,1,3
2147,1,0
5435,3,0
804,3,14
5459,1,-4
5544,1,2
5012,1,-2
1265,3,7
1176,3,-2
1279,3,-2
2983,4,2
262,4,27
260,4,95
2578,1,0
2736,4,0
6128,4,0
1810,4,0
1397,4,0
4613,4,0
5460,4,115
1753,4,8
4647,4,6
4643,4,6
4628,4,12
6334,4,5
6460,4,0
4044,4,6
4041,4,12
4042,4,8
5260,4,8
60,3,-9
212,1,181
241,4,0
236,4,44
1390,1,5
6475,1,1092
6476,1,861
6477,1,1
5659,1,11
5046,4,16
5046,1,10
3081,1,0
2628,1,34
1952,4,15
5053,1,42
5254,3,-9
3884,3,-8
1629,1,-7
3,3,-31
4080,3,-652
195,1,52
4761,3,2
3853,1,24
5985,3,-1
6478,1,0
5094,4,32
6264,4,42
1682,4,50
1707,4,309
5220,4,42
5621,1,-6
6479,1,0
3059,3,-3
2644,3,-2
6481,1,-12
245,1,128
6125,1,-1
2185,1,258
2187,1,111
5791,3,45
3004,1,1
6482,4,0
6483,4,0
3187,3,-1
4853,3,5
5874,1,0
6480,1,16
827,3,18
3594,3,-1
2490,3,0
5952,3,-1
4237,1,-16
178,1,9
5757,1,-9
1541,1,45
6338,1,14
3056,1,15
2610,1,0
6466,1,-1
3245,3,-35
1317,1,7
1684,1,300
6484,1,0
6384,3,0
5411,3,-11
6099,3,4
5127,3,-16
5084,3,-43
216,3,28
6447,1,76
372,1,100
4457,1,-3
3197,3,3
3554,1,0
6485,1,0
6487,1,470
4319,1,8
5442,3,-2
2683,3,3
2710,3,0
6472,4,4
1724,4,6
5891,4,2
5893,4,-2
5272,4,0
5890,4,3
5892,4,2
5311,1,0
6421,1,0
6432,3,0
677,1,-64
5678,3,7
5201,3,5
5681,1,6
6468,1,-12
5720,3,11
6490,1,1
6489,1,1
6485,4,0
2560,1,7
6323,3,23
5391,3,7
3116,3,3
6491,1,31
2146,1,2
6492,1,1
6493,1,1
6494,1,27
6495,1,18
6496,1,2
6497,1,-1
6498,1,12
6434,1,135
4828,3,0
6499,1,0
4863,1,1
6500,1,141
6501,1,41
830,1,5
3251,1,33
3253,1,57
6503,1,0
6504,1,0
6506,1,1
2,3,-19
6486,1,33
6390,3,19
6507,1,1
6508,1,0
6509,1,0
6510,1,1
6511,1,8
6512,1,6
6513,1,3
6514,1,0
6515,1,7
6516,1,1
2884,3,-4
6517,1,0
6518,1,1
6519,1,0
6520,1,1
6521,1,6
6522,1,0
6523,1,0
6524,1,1
6525,1,2
6399,3,1
4168,1,-4
6180,1,7
6526,1,1
2845,3,-2
6502,1,-1
5780,1,9
69,1,232
6487,4,41
6527,1,25
4069,3,-141
6363,1,0
3130,3,-12
1646,1,-2
5497,3,-1
6530,1,1
6531,1,0
6528,1,-4
6533,1,2
6534,1,-2
6535,1,84
6536,1,1
6537,1,0
6538,1,0
2768,1,143
4864,3,-1
6353,1,0
6354,1,0
1619,3,3
6337,1,10
3955,4,-72
6468,4,0
2199,3,119
448,3,-17
2987,3,16
2973,3,-7
6384,1,-13
5164,3,0
6482,1,-15
2547,1,-198
6321,3,20
2300,3,-27
3976,1,0
559,1,1
6540,1,12
6541,1,8
6542,1,15
6543,1,110
6544,1,134
6545,1,0
6500,3,0
6256,1,-3
1900,1,-1
2348,1,-1
932,1,-27
976,3,-33
6236,3,-11
3385,3,-2
1927,3,13
3463,1,1
3759,1,10
6438,3,2
5651,1,10
6248,3,0
1181,1,8
1043,1,0
6283,1,-2
6353,3,-1
337,1,-17
356,1,41
5837,1,48
6452,3,1
6389,1,0
6352,3,0
3893,3,11
4713,1,1
6127,3,-6
5740,3,-4
2626,3,-1
1667,3,0
5506,1,0
5532,1,2
6427,4,-5
6026,4,0
6495,4,0
6497,4,0
6496,4,4
6492,4,1
6498,4,0
6494,4,0
5344,3,0
1323,3,5
248,1,573
5151,3,51
2613,1,-1
2024,3,3
4210,1,1
4207,1,1
5490,3,5
1044,3,-6
6340,3,0
2781,4,18
108,3,8
6501,3,0
3809,1,83
6354,3,9
4757,3,4
6467,4,-2
6378,4,0
5960,4,0
6402,4,0
6547,1,0
5815,1,-8
1975,3,1
5183,3,0
5672,1,-3
1443,3,15
6548,1,-5
893,1,0
3864,1,0
6268,3,144
6505,1,0
3006,1,23
993,3,-12
5937,3,6
4158,3,0
5995,1,2
2325,3,-11
3952,3,-25
6549,1,0
6541,3,-8
3933,4,26
311,3,3
2200,3,54
2168,3,-1
4079,1,-3
6467,3,0
5220,3,-562
6550,1,-2
6386,1,-3
5762,3,-4
3416,3,3
4828,1,0
5562,3,-6
834,1,22
2225,1,83
2326,3,8
6501,4,2
5141,3,67
5156,3,0
2431,3,-5
4096,3,-338
2720,3,0
5392,3,-24
1178,3,-3
6551,1,0
2722,3,3
6540,3,-9
3922,3,8
1361,3,22
3580,3,5
6378,3,5
3901,3,13
6385,3,17
2301,3,-83
110,3,0
1203,3,-18
6412,3,0
967,3,-4
1662,3,-1
6432,1,0
5377,4,10
3954,1,24
5941,4,5
1179,3,-3
467,4,178
6421,3,19
5884,1,0
6098,3,4
1005,1,-1
5423,4,0
5295,4,9
2580,1,0
2524,1,0
3826,3,21
6544,3,1
6542,3,-13
5822,1,0
1016,3,0
4237,3,-3
4103,1,3
3893,1,46
3796,3,-1
5025,3,-2
2651,3,-3
3278,3,-1
2800,3,-18
5401,3,1
1890,1,-3
6430,1,1
6551,3,-26
6564,1,336
6378,1,11
2916,1,22
2243,1,-6
4221,3,6
6027,3,49
3002,1,40
1392,1,-2
5438,3,-2
2190,1,85
4165,3,-9
5671,3,-13
3671,3,0
3067,1,-14
3381,1,1
5701,1,1
2768,3,18
473,3,-20
3081,4,0
5479,1,2
3598,4,0
4743,1,0
2218,1,55
6566,1,0
1265,1,4
3727,1,4
1142,3,-3
6567,1,4
6443,1,-924
1047,1,5
1055,1,0
6005,1,-1
1073,1,0
3710,1,0
3711,1,0
6568,1,25
1188,1,-1
6470,3,19
6569,1,38
3030,1,0
5309,1,0
3025,1,0
4847,1,1
3815,3,3
5863,3,-1
1726,3,0
3479,3,-3
1633,3,1
6570,1,27
5980,3,-502
3825,3,6
6480,3,-1
6539,1,60
3386,3,-5
3335,4,0
6565,1,-1
2856,1,-21
294,3,1
5097,1,7.5
5072,1,16
2456,1,-4
3809,3,-9
3167,3,5
3459,3,-1
5703,3,5
1682,1,-90
3381,3,-2
6570,3,-5
2158,1,38
933,1,37
685,3,-204
5446,3,0
5414,3,4
6005,3,-15
1949,3,1
1739,1,7
6558,3,-14
5139,3,52
5052,4,6
4214,4,0
4213,4,0
4211,4,1
4208,4,0
4210,4,0
5762,1,0
3821,1,20
6571,1,0
3800,3,-10
6387,3,-3
6572,1,566
4876,1,4
4030,3,-3
3901,1,92
1075,3,-16
6212,1,0
2406,3,-1
59,3,-6
1098,1,0
1164,1,1
3517,1,82
3878,3,10
6192,1,0
2158,3,-31
6491,3,-5
2724,3,3
6573,1,0
6574,1,0
6575,1,0
1355,3,3
6570,4,7
6445,1,-81
5153,3,30
4160,3,10
1321,3,3
4477,3,-4
866,3,22
1020,3,-34
6044,3,10
6043,3,0
5784,1,6
6537,3,-75
6577,1,1782
698,3,6
5496,3,7
907,3,13
167,3,-22
6552,3,-23
4600,3,-1
1179,1,-9
167,1,19
1925,1,0
6579,1,-5
6562,3,-7
5024,1,0
1938,1,6
6564,3,55
5296,4,9
1141,3,-6
4978,1,-2
3335,3,-1
4297,3,-3
4570,3,-4
6552,1,56
3427,1,6
1945,1,-3
4731,3,-2
2223,4,3
460,1,45
5986,4,1
5985,4,0
5984,4,0
5983,4,0
6248,4,0
186,3,79
5754,3,-4
4952,3,-2
3167,1,24
3351,1,3
980,1,4
442,1,39
5106,1,41.8
5079,1,16
246,1,113
4491,3,2
6581,1,0
6582,1,0
6583,1,0
6584,1,8
6585,1,2
6586,1,13
6587,1,3
2825,1,-1
4211,1,0
3845,1,0
6123,1,19
2300,1,35
5491,3,-4
1593,1,0
3026,3,-1
3792,3,-5
4119,1,1450
5744,3,5
47,1,1
5369,4,0
5676,1,5
499,1,5
497,1,18
5807,3,3
795,1,7
5059,3,-53
3909,3,8
5683,1,1
6576,1,-4
5630,3,-6
6200,3,-5
6355,1,73
6359,1,8
502,3,-13
4458,1,0
1921,3,29
6471,3,3
6418,3,2
6395,3,-2
3876,1,0
5965,3,846
6554,1,3
3997,1,9
5610,1,23
6592,1,-6
6593,1,19
6594,1,4
6575,4,0
5049,1,62
2146,3,1
1530,1,-5
4497,3,3
6599,1,28
6478,3,15
4652,3,32
4868,3,-3
3874,3,3
6578,1,1
3034,3,4
6595,1,3
6596,1,2
5918,1,2
6597,1,5
5586,1,5
5914,1,1
6598,1,4
5865,1,4
2332,1,4
6600,1,2
6601,1,3
6602,1,5
3892,4,2
4449,1,4
6603,1,0
6604,1,0
6605,1,2
6606,1,0
6607,1,0
6608,1,1
6609,1,0
6610,1,2
6611,1,-1
6612,1,1
6613,1,2
6614,1,0
6439,1,4
4490,1,3
287,1,11
6210,1,5
5038,3,-8
3023,3,0
5876,1,0
6438,4,2
4479,4,0
2222,4,19
5124,4,3
6569,4,14
3905,3,6
4629,3,-15
3288,3,0
6616,1,0
4977,1,20
4500,3,1
2888,1,0
437,1,-9
6576,3,0
3876,3,3
6555,1,46
6590,1,48
6591,1,9
3086,3,-1
3422,1,0
5452,3,-23
6617,1,0
2880,1,-4
6376,1,0
5171,3,3
3336,1,8
3784,3,-2
5670,3,-9
4505,1,1
2272,1,4
2264,1,5
469,3,-154
6619,1,-101
1403,1,11
3078,3,5
1368,1,4
243,1,298
5799,3,-16
1870,1,1
1822,1,14
3089,3,3
4487,3,4
5554,3,0
3109,3,32
6556,1,1
1208,3,1
466,3,-20
6182,1,8
6191,1,6
2589,3,-11
2482,3,-849
2483,3,-28
5907,3,-2
4530,3,1300
3240,3,49
6026,3,-27
1050,3,0
5861,1,1
5861,4,1
1997,4,2
1998,4,1
1996,4,1
1219,1,3
3750,4,0
826,1,14
872,1,19
298,3,-1
6119,1,0
6401,3,23
4664,1,700
197,3,229
1491,1,-2
6620,1,26
429,3,-4
5154,3,0
59,1,136
304,1,115
5795,1,-1
3858,3,96
3981,1,-1
2205,3,15
2208,3,15
6488,1,-10
4058,3,-7
2032,3,4
3900,3,-3
870,3,11
5005,3,-24
6592,3,6
3061,3,4
981,3,-15
4348,3,-3
1491,3,-2
6420,3,-27
438,3,-10
5817,3,-160
437,3,-1
1406,3,-1
5594,3,5
5642,3,-30
3393,1,0
3223,1,0
1320,3,3
1354,3,3
6632,1,4
175,3,10
6430,3,-3
5721,3,3
5925,3,-1
1226,3,2
5702,1,81
2945,1,8
4020,1,8
3052,1,28
4918,1,-6
3633,3,-5
6590,3,13
5921,3,34
4078,3,-57
1175,3,-13
2036,3,5
3056,3,2
6532,1,-1
1166,3,9
5136,3,-1
3057,1,0
1886,3,-54
754,3,0
176,3,5
6633,1,0
6634,1,3
6635,1,26
6203,1,0
977,1,3
2763,1,72
6553,1,7
4758,3,4
91,3,-39
4527,3,-321
5826,3,1
6555,3,7
4662,3,50
1257,1,-1
284,1,10
2890,1,-2
1053,3,-9
5139,4,27
2607,1,6
6535,3,14
1016,1,0
5473,3,3
5513,1,16
2931,3,-1
5745,3,-15
6636,1,0
6637,1,15
6638,1,12
6639,1,0
2298,3,0
5278,3,-5
6640,1,0
6641,1,0
6120,3,-4
4185,3,-5
40,1,564
6492,3,0
6498,3,-1
5675,3,-1
6642,1,32
1965,1,0
1973,1,10
1646,3,-1
1873,3,-61
6385,1,274
173,1,9
1809,4,-1
302,1,155
6643,1,-49
4773,4,2
1018,1,-4
1227,1,-2
6273,4,1
6551,4,16
5545,4,2
3303,1,0
6052,1,-9
2721,3,5
6557,3,-20
6420,1,0
2299,3,0
113,3,0
5196,4,3
5302,4,-9
5860,3,0
6127,1,0
2990,3,11
6579,3,-6
6574,3,-5
2984,4,4
6543,3,3
2531,3,10
6644,1,0
3865,3,46
755,3,11
5693,1,0
3054,1,0
6417,3,7
6466,3,-14
6237,1,3
6645,1,1
6646,1,3
6647,1,2
6648,1,1
1034,3,-3
3787,3,-2
5861,3,1
1948,3,1
5370,3,-16
5854,3,1
5616,1,9
6124,1,10
2831,1,1
3907,3,-14
2494,3,12
3959,3,-3
771,3,1
1205,1,-1
5191,4,0
2031,3,9
1648,1,1
5744,1,14
6184,1,0
6178,1,9
6188,1,2
6183,1,-2
6190,1,1
6193,1,7
6194,1,10
6649,1,-7
5483,4,0
6542,4,0
5542,4,0
6540,4,0
6389,4,0
3034,4,-28
6650,1,3
4459,1,4
6306,3,12
3406,1,0
798,1,13
6627,3,0
5648,3,14
4559,3,-2
6651,1,0
6652,1,0
6653,1,0
6654,1,0
6655,1,0
4296,3,-3
3903,1,25
3908,1,16
5672,3,-11
5135,3,-3
5516,1,4
1526,1,-3
6270,3,-107
5380,4,-2
5489,3,16
4790,3,18
825,3,24
824,3,25
3724,1,0
5223,1,-26
1741,1,0
2689,1,38
6656,1,0
6657,1,120
6658,1,0
5266,3,8
397,3,-1
2078,4,1
4349,3,-1
2213,1,0
1006,1,2
1216,1,7
3726,1,0
1307,1,2
1079,3,-3
3798,1,19
2982,3,2
2775,1,0
3883,1,52
1978,1,6
659,1,5
6659,1,1
6660,1,1
1154,1,0
4693,3,-250
1693,3,300
1692,3,200
1332,3,27
6350,3,-5
6157,1,0
6158,1,0
6159,1,0
6160,1,0
6164,1,0
6165,1,0
6166,1,0
6167,1,0
6173,1,0
6174,1,0
6175,1,0
5973,4,-13
6578,4,0
6156,1,0
4453,1,0
1518,1,-4
6243,1,1
6497,3,2
3777,3,-2
568,1,0
6424,1,-1
1019,1,29
937,3,4
733,3,3
6244,3,-10
5590,3,-2
1349,3,4
2797,3,-1
1277,1,15
1275,1,0
6383,1,0
6662,1,13
2009,1,2
4022,3,-5
792,1,0
4725,3,3
1260,3,1
3997,3,8
3914,3,-3
3738,1,0
6089,3,0
6140,3,0
5722,3,-93
3583,3,-6
3593,3,-3
1071,1,-1
6045,3,0
4048,3,3
2823,1,9
2814,1,0
6663,1,-1
6664,1,1
6665,1,0
6666,1,-1
6667,1,1
6668,1,1
6669,1,0
6670,1,1
6671,1,1
6672,1,1
6673,1,-1
6674,1,0
6675,1,0
1923,1,-2
6156,3,0
235,3,85
1739,3,-2
6628,3,-5
3068,1,-22
6361,1,0
3935,1,6
3602,3,-6
6579,4,0
6667,3,8
5093,3,-2
5069,3,27
4781,1,-2
3495,3,-4
6285,1,0
6227,3,-5
2785,3,9
6012,3,-17
3328,3,1
3010,3,30
4528,3,-59
4784,3,0
6048,1,0
2960,3,9
3328,1,1
3010,1,-15
4506,1,-1
4105,1,2
2556,1,-10
2143,1,1
4509,1,-8
4466,1,0
4784,1,0
2766,3,104
6629,3,-4
6714,1,1
6715,1,48
4199,3,-1
6225,3,-8
6391,3,64
6665,3,3
1987,4,0
6276,4,0
5360,1,0
3736,3,1
2093,3,-1
5368,3,-19
5940,3,1
395,4,0
6012,1,21
6716,1,-7
508,1,1
445,1,100
5992,3,-2
3735,3,3
5751,3,-8
6442,1,979
6717,1,4
6718,1,4
6719,1,3
6720,1,7
2159,4,-3
2196,1,56
1291,4,6
6227,4,-3
6307,3,2
6721,1,25
6436,3,1
1061,1,10
6676,1,-6
3244,3,-5
1974,1,5
1750,4,6
2085,1,5
6223,1,1
2868,1,-2
2867,1,48
5722,1,72
1513,3,15
6630,3,-3
4309,1,-2
4025,3,-3
4697,1,400
6723,1,6
6724,1,0
2180,1,66
3822,1,39
6022,1,2
6644,4,0
189,3,259
5403,3,0
6446,1,75
5639,3,-6
1067,3,-6
1500,1,1
4321,1,7
136,1,7
2898,1,0
6725,3,0
2530,3,14
812,4,29
1305,3,3
4664,4,50
2549,1,-8
6334,3,-5
6499,3,-4
3407,3,-3
764,1,6
6727,1,-1
4902,3,0
5393,1,1
4600,1,-2
3030,3,2
2828,3,-8
3036,3,0
6725,1,-28
852,1,13
4820,1,0
6729,1,16
3877,3,-36
2834,3,-1
6329,3,-2
6730,1,9
6726,1,-15
5475,1,-4
5681,3,5
1691,3,400
3829,3,-5
6732,1,5
6731,1,0
6591,3,12
5473,1,9
5952,1,3
5705,1,0
1155,1,9
1153,1,68
2245,4,33
5741,3,30
4384,3,-6
6428,1,6
3360,1,4
40,3,-617
6016,3,-2
5165,1,15
6045,4,-16
836,3,24
3690,3,5
6490,3,-51
842,4,15
6290,4,0
130,1,1
2506,3,-2
50,3,39
5323,1,0
5167,3,-24
5428,3,1
3466,1,3
6529,1,-2
6161,1,0
4683,1,350
6726,3,0
6734,1,3
4678,3,102
5537,3,-31
6017,3,-13
1023,3,3
1292,3,-2
6633,4,0
3091,3,1
6673,4,0
6653,4,0
6668,4,0
6259,4,2
6662,4,7
6412,4,8
4,3,0
228,3,62
5742,1,85
4443,1,4
3703,1,-5
3702,1,-3
3701,1,2
1051,3,-6
6324,3,3
6469,3,10
6457,1,-1
485,1,-2
6649,3,0
2836,3,-3
556,4,-6
576,3,-16
224,3,-50
2928,3,0
5819,3,-31
504,1,1
2028,3,9
6740,1,0
6741,1,15
3671,1,7
3670,1,1
6742,1,0
6743,1,20
6744,1,1
6745,1,5
5942,3,-4
1928,3,-10
5553,4,0
3137,3,0
5284,3,-136
3624,1,17
5587,1,10
6528,3,-2
6365,1,0
2553,1,0
2481,1,3
5369,3,-44
6748,1,16
6749,1,34
6468,3,-18
6746,1,18
6747,1,16
5666,1,0
767,4,1
5560,3,-21
6552,4,4
5338,1,3
3194,3,0
3728,1,0
6255,3,-11
4661,4,50
4044,3,-2
5152,3,91
2233,3,-104
3819,1,0
6750,1,0
6751,1,37
3601,1,4
3871,3,-13
1290,3,38
1608,3,-22
5536,3,6
1217,3,-12
1596,3,-8
5371,4,62
4103,4,0
1217,1,7
1266,1,0
1099,1,5
6662,3,6
4067,1,766
5311,3,0
5576,3,1
152,3,-5
21,1,4
1044,1,1
5814,3,-5
2971,3,11
3133,4,1
6752,1,-1
4254,3,-1
6661,3,-14
906,3,8
811,3,32
1378,3,-25
4626,3,-8
5158,1,56
5680,1,0
5319,3,1
854,1,0
2892,3,-25
5945,3,-43
1982,4,-1
5723,3,-22
3125,3,-22
1909,4,9
5557,1,0
6754,1,4
6755,1,4
6756,1,2
6729,3,17
6401,4,11
3880,1,-2
4460,1,0
550,4,5
548,4,0
5214,3,-2
1018,3,-6
6753,1,94
857,3,0
856,3,0
4373,3,3
1052,3,-5
566,3,-3
5567,1,-1
5737,3,-37
1690,4,-400
1691,4,-398
1692,4,-200
1683,4,-200
1694,4,-200
4069,1,-344
6363,3,-2
2932,1,5
4050,4,1015
1177,3,-2
6443,4,72
5712,3,6
6318,3,0
4789,3,4
6757,1,38
5257,4,0
5195,4,0
6535,4,2
6350,4,0
5712,4,0
3929,4,0
6391,4,1
6758,1,4
6759,1,0
6760,1,3
6761,1,10
6762,1,10
6763,1,-2
1519,1,3
5797,1,-1
5415,3,4
2734,3,0
6764,1,8
3998,1,4
6765,1,16
2268,1,0
5753,3,-3
5650,3,-2
3812,3,-1
4543,1,150
1872,3,-32
6489,3,-67
4875,1,0
6767,1,328
69,3,57
6640,3,0
1310,1,0
6768,1,19
6769,1,5
6770,1,2
6264,3,-156
282,1,58
3071,1,0
6458,3,-22
6673,3,0
5827,3,-18
2660,1,0
3090,1,0
6242,3,-3
1227,3,-16
6588,1,2
3104,1,10
3720,1,1
3729,1,1
6395,1,4
6766,1,0
3686,1,0
3682,1,2
3679,1,4
5738,1,0
1111,1,2
1118,1,0
6010,1,38
6009,1,4
6011,1,52
1070,1,17
6018,1,76
6017,1,50
6019,1,42
6771,1,39
6772,1,0
6773,1,14
6774,1,0
6775,1,0
6776,1,0
4479,1,1
6777,1,2
1778,1,-9
1235,3,-4
6675,3,6
2799,3,-2
2619,3,-10
6770,3,7
5429,3,-319
5202,3,-1
3063,3,2
1815,3,-13
2507,3,-1
152,4,0
5364,4,2
5860,4,0
6758,4,5
52,4,16
646,4,14
5142,3,6
4080,1,521
6778,1,0
6779,1,15
6780,1,-4
6781,1,158
6782,1,-16
6783,1,2
6784,1,-793
6785,1,12
6786,1,1
6787,1,0
6788,1,-2
2244,3,-10
397,1,14
6769,4,5
3064,3,0
6439,3,1
3392,1,5
226,3,247
6757,3,-79
5267,3,7
5149,3,39
4653,3,34
4792,1,-2
6789,1,446
6790,1,0
6791,1,14
2777,1,0
2776,1,0
6792,1,9
6793,1,0
6794,1,0
6795,1,0
6796,1,0
6797,1,1
6798,1,0
6799,1,5
6800,1,0
6801,1,10
6802,1,0
6803,1,0
6804,1,0
523,1,5
6778,3,-119
6749,3,-13
5531,3,24
6810,1,0
6668,3,0
6805,1,350
6806,1,264
6807,1,8
5187,1,0
5186,1,4
6808,1,1
6809,1,1
2023,3,-2
5149,4,44
5140,4,28
3135,1,0
6811,1,11
5675,1,4
6812,1,0
6813,1,1
6204,1,0
2642,1,-1
3282,3,-3
6789,3,-168
1390,3,-2
2309,1,13
6326,3,0
525,3,11
528,3,2
535,3,-10
6789,4,2
5908,3,-5
1803,3,-170
1094,3,0
6642,4,9
6801,4,0
6800,4,0
6802,4,0
867,3,22
1360,3,22
4054,4,804
4440,1,2
6063,1,0
6045,1,13
169,4,-2
6735,3,-1
4212,3,1
395,1,32
3723,1,1
2317,3,-6
6815,1,1
5552,1,-14
3902,3,-11
214,3,39
2906,3,-4
5235,3,-5
5754,1,0
3026,1,0
3027,1,0
3028,1,1
6816,1,13
5857,1,2
6817,1,64
6818,1,70
6664,3,0
4190,3,3
6368,3,24
1487,3,1
5730,3,-3
4672,1,-50
2195,1,46
4547,4,5
892,4,10
775,3,2
6820,1,13
6821,1,13
6822,1,8
6339,3,-10
6823,1,6
5373,4,0
2714,1,0
5845,3,-24
444,3,-9
6796,4,0
6620,4,20
6804,4,0
3166,4,17
5845,4,0
5846,4,0
5847,4,0
6199,3,-5
1261,3,2
4207,3,0
1108,3,-6
4743,3,0
3250,1,76
6824,1,46
6825,1,47
6826,1,108
6827,1,18
6778,4,2
103,1,31
1414,4,299
968,3,5
6379,3,0
472,3,-6
6829,1,3
6830,1,109
6831,1,84
2551,1,-12
1752,3,-14
1069,3,-9
204,3,69
6827,3,-190
6831,3,18
6830,3,23
4238,1,-6
4303,1,-6
6733,1,-21
3647,1,1
6813,3,-1
6832,1,33
802,3,17
5502,3,26
6277,3,13
6833,1,1
6249,1,0
6351,3,-9
5992,1,-1
3749,1,22
3746,1,2
1395,1,2
4370,1,0
6779,4,0
6834,1,-1
6197,1,4
4002,1,2
839,1,7
6827,4,0
2804,3,-118
6835,1,-39
2801,3,206
1262,3,-2
1798,3,-11
6386,3,-2
5239,3,-1
5856,3,0
6836,1,4
6837,1,1
6838,1,9
6839,1,0
209,4,30
971,3,-4
2889,3,-2
1054,3,-15
3549,3,-1
6040,3,13
990,3,-4
6620,3,19
6840,1,26
3948,3,-31
2953,4,11
6841,1,0
1913,1,0
1915,1,6
4067,3,-132
5749,3,5
3969,1,-3
3959,1,-7
1050,1,3
5476,1,3
2971,4,7
6762,4,0
1367,4,18
6279,4,1
1449,4,3
6841,4,0
5390,3,-3
4430,1,2
4035,1,0
3680,3,4
6637,3,-7
6402,3,0
5061,3,-7
4090,3,-495
6109,3,-21
1046,1,0
3439,1,0
1066,3,-12
6589,1,-5
2591,3,-22
5315,3,10
808,3,25
813,3,10
6441,1,0
2992,3,1
5791,4,2
4377,1,0
3464,3,-3
6004,1,1
1187,1,5
3490,4,0
5652,4,2
2846,1,0
6844,1,187
6845,1,0
6846,1,0
6847,1,0
6848,1,0
6849,1,0
6850,1,3
4667,3,100
554,4,19
3343,1,0
3852,1,8
6640,4,0
290,1,51
3921,1,0
6851,1,0
6852,1,0
6853,1,2
6795,3,-8
3021,3,4
3007,3,-3
4115,3,1042
3852,3,-10
3004,3,3
2934,3,-15
6854,1,0
6855,1,0
6856,1,0
6857,1,10
6858,1,14
6859,1,34
6860,1,-8
6861,1,8
6862,1,10
6769,3,8
2762,3,25
3173,3,7
1137,1,-1
3003,1,100
6863,1,1
5896,3,0
5236,3,0
6864,1,4
772,3,2
209,3,35
4759,3,4
6482,3,-2
6319,3,-1
4423,1,132
4726,3,4
6812,3,0
6860,4,0
6742,4,1
6855,4,0
6854,4,-4
528,1,0
6865,3,-75
6866,1,8
5714,1,142
6867,1,59
5707,1,4
6856,4,0
6866,4,3
165,4,13
6823,4,5
1140,1,4
1108,1,7
2659,3,4
6746,3,-19
1775,3,-8
3446,3,-5
2783,3,21
5764,3,18
6854,3,-104
6781,3,-97
1979,4,-2
6255,4,0
1097,3,5
5229,1,1
6242,1,0
2306,1,0
5050,3,9
5783,3,0
986,1,6
638,4,0
845,1,23
6771,3,23
6561,3,-6
2435,3,-3
3934,3,-1
577,3,-3
1685,3,200
141,3,-68
205,3,69
6291,3,-4
4915,3,5
5790,1,1
2246,3,-45
6869,1,0
6870,1,21
6871,1,13
6872,1,2
6873,1,0
6874,1,0
6875,1,0
6876,1,0
6877,1,10
1918,4,6
6757,4,0
6377,3,7
6868,1,0
6878,1,38
2808,3,0
5237,4,-16
5271,3,-6
4774,3,3
6254,1,-9
193,1,55
1297,4,120
756,1,1
4679,3,45
4907,1,1
6879,1,16
6880,1,1
193,3,24
500,1,3
4316,3,2
3472,3,-5
6860,3,4
4061,4,799
4730,1,0
1446,3,6
1267,3,2
2888,3,-4
6041,3,10
5426,3,-24
565,4,10
6354,4,-1
6881,4,46
5300,4,0
6877,4,0
6742,3,0
1738,3,-2
4208,3,1
6759,3,6
6431,1,1
1913,3,3
6783,3,0
6031,3,-3
6883,1,-33
6831,4,7
6884,1,1
6780,4,0
4244,1,8
2794,3,-4
5713,3,3
4694,3,-200
183,3,295
182,3,2
2887,1,-1
4114,3,1413
6823,3,7
5991,1,-8
5962,3,13
2074,1,1
6885,1,0
6886,1,95
3634,1,31
2461,1,57
3776,3,-1
6770,4,6
6732,4,0
1054,1,-21
6419,3,-17
3179,1,-2
6663,3,3
6615,1,-2
3951,4,-28
3431,3,-3
2780,3,144
2787,3,12
5771,1,3
6814,4,3
309,1,0
1065,3,5
175,1,44
3743,3,-2
3972,3,-2
3867,3,55
6779,3,-64
6736,3,-2
6038,3,-40
6890,1,0
6891,1,0
6892,1,0
6893,1,0
6894,1,0
6753,3,2
6312,3,27
6780,3,2
6867,3,11
985,3,-1
5060,3,-8
3853,3,2
6836,3,-4
3919,3,1
821,3,17
64,3,-2
5966,3,-1
6895,1,0
6896,1,0
2289,1,-1
2296,1,1
2853,1,-7
3060,1,1
3126,3,16
6291,4,1
6881,1,87
1252,3,-2
5951,3,-1
6897,1,4275
358,3,37
844,3,2
5314,3,1
1659,1,2
936,3,25
6642,3,-15
6782,3,-52
6899,1,1
6900,1,6
6901,1,0
6902,1,0
3888,1,22
6065,1,0
6748,3,-21
4015,1,10
6559,3,-15
5408,3,-7
6903,1,0
6056,3,0
4761,4,4
6904,1,67
3438,3,-7
6762,3,53
2466,3,-4
2705,3,0
6873,3,3
6796,3,2
6013,3,0
3585,3,2
1043,3,-12
2891,4,-1
6907,1,0
175,4,7
6906,1,1
6400,4,7
5410,4,5
6908,1,0
6905,1,4
5820,4,0
6432,4,0
3477,3,1
1635,1,4
5215,4,-16
6419,1,0
3014,3,0
5576,1,3
6909,1,61
1907,1,6
1910,1,6
1918,1,4
1927,1,6
1921,1,2
4508,1,3
6910,1,-6
5587,3,3
4553,1,-5
6911,1,0
218,1,158
4867,1,0
5670,4,-4
5571,3,-1
1907,4,5
6783,4,0
2666,3,-1
338,1,46
6042,3,3
3085,3,-3
6913,1,261
6914,1,0
4010,1,0
6803,3,10
6870,3,-2
6109,1,19
4450,1,4
5655,3,0
581,1,6
96,3,-9
5789,3,-1
56,3,9
6846,3,25
6919,1,0
6051,4,-12
6041,4,-4
6052,4,-8
6050,4,-23
6046,4,-3
6044,4,0
6917,1,-1
6918,1,0
6920,1,2
6921,1,0
6922,1,6
6923,1,8
6924,1,4
6925,1,0
6926,1,0
6320,3,23
414,3,5
181,3,0
5618,1,4
1223,3,3
3020,3,-45.8
2462,3,-27
6641,3,-101.5
4924,1,1
6927,1,172
6928,1,0
6929,1,0
6930,1,4
6931,1,0
6932,1,-2
6933,1,0
6015,3,-3
5129,3,3
787,1,4
2279,1,14
6313,3,6
4763,4,2
5669,4,0
3647,3,-1
6844,3,17
6913,4,3
6925,4,0
6926,4,0
6924,4,0
6543,4,18
5224,4,2
5552,3,-11
6735,1,1
6798,3,-3
3393,3,-2
1380,3,-19
6935,1,0
6936,1,0
6937,1,15
6938,1,26
3515,3,16
6939,1,5
5847,3,30
3246,3,-26
6912,3,-1
3458,3,14
3395,1,10
231,4,0
243,4,32
281,4,9
282,4,13
6928,4,0
6932,4,0
6439,4,5
6929,4,0
6931,4,0
6933,4,0
6930,4,0
6663,4,2
4348,4,0
4349,4,0
4030,1,0
627,3,-6
239,1,201
4123,1,-9
2065,1,2
6476,3,39
3203,1,144
5708,1,1
6743,3,10
6479,3,0
766,3,-2
2237,4,0
6941,3,-3
5156,1,8
4485,3,-2
6895,4,13
150,3,-15
6913,3,-160
5385,3,-2
3286,3,-2
6164,3,0
3918,3,0
722,3,-1
5643,1,4
6917,3,0
5830,1,16
2886,4,86
2887,4,0
3180,4,0
4354,1,-1
6761,4,0
6455,1,4
3326,1,5
1173,1,-1
1075,1,-9
6806,3,-9
3127,3,0
6942,1,-16264
6943,1,64
6944,1,11
6945,1,6
6946,1,0
5555,1,0
6947,1,1
6948,1,0
5554,4,1
6947,4,0
6948,4,0
6715,4,0
6944,4,6
3768,3,13
6906,3,18
6942,3,-1
5546,1,5
4276,1,-1
4764,3,5
5376,3,12
1887,1,288
1888,1,144
5846,3,5
2886,1,-2
58,3,10
4725,4,5
6859,3,-21
3117,1,18
6943,3,-37
5378,3,-82.3
1642,1,1
5458,1,1
6962,1,6
1351,1,0
521,3,-5
6842,1,781
6928,3,0
6895,3,-9
6713,4,2
2652,1,-1
3093,1,0
3134,1,-2
6625,3,-1
6747,3,-12
6461,3,1
1259,3,12
146,4,21
6848,4,-2
6845,4,0
6846,4,3
6908,4,1
6906,4,0
3336,4,0
6962,4,2
6169,1,0
6172,1,0
6958,1,23
6964,1,52
6855,3,-280
354,1,33
3224,3,3
6848,3,1
3764,4,0
6904,3,-53
2172,1,10
6985,3,-12
6062,4,-1
6047,4,-2
6063,4,-3
6061,4,-2
6187,1,0
6761,3,11
6858,3,-7
4742,3,4
871,1,20
5194,3,15
3002,3,5
775,4,2
6990,1,4
6991,1,10
6992,1,28
6993,1,17
6994,1,4
5690,3,19
2304,1,3
6654,3,-2
3099,1,1
4110,1,3080
2891,3,-1
6995,1,0
3794,3,6
6996,1,0
6997,1,-4
6991,4,0
6993,4,0
6990,4,1
6981,3,-2
6963,1,-70
273,3,41
1703,1,600
1702,1,690
1704,1,500
6998,1,800
6533,3,-2
5636,1,0
2657,1,0
6999,1,0
7000,1,0
7001,1,-35
7002,1,23
7003,1,0
7004,1,0
7005,1,4
7006,1,30
7007,1,15
837,3,22
3073,3,39
6973,3,-800
6125,3,-1
3925,2,0
5204,2,0
3997,2,1
6592,2,1
2731,2,8
6942,2,21
3047,3,0
6538,3,-26
960,1,-1
498,3,-15
1223,1,1
1059,3,-2
5714,3,25
2226,3,-5
2211,3,6
4665,3,200
7012,1,0
2245,3,-34
6054,1,-5
6055,1,-4
6059,1,-3
3928,1,0
7013,1,0
6909,4,12
1910,4,11
7014,1,0
7015,1,0
6463,1,5
92,3,-10
6971,3,-282.7
871,3,7
3233,1,55
6563,3,-29
1077,1,-4
6801,3,5
6374,3,-2
6373,3,0
7008,3,-4
5691,3,-5
6960,1,63
5575,1,5
3999,3,-2
3262,1,0
3281,1,0
6025,1,9
537,3,-12
6987,3,0
7016,1,36
7017,1,0
7018,1,2
7022,1,0
7023,1,3
1980,1,12
7024,1,0
6842,3,-56
6676,3,-7
2508,3,-4
6924,3,0
6834,3,-13
1158,1,-13
7025,1,2
7026,1,0
7027,1,0
7028,1,0
6976,3,0
6959,1,45
6487,3,70
2603,3,-1
3760,3,1
6992,3,-15
6302,3,118
6894,3,-65
1048,1,15
6945,3,0
6904,4,0
7028,4,1
7025,4,-1
7026,4,0
6871,3,0
1920,1,11
7029,1,0
7029,4,0
2110,3,2
4505,3,1
5397,3,26
7030,1,0
7031,1,0
2808,1,0
7032,1,5
7033,1,0
7034,1,0
7035,1,2
7036,1,0
7037,1,0
7038,1,0
7039,1,0
7040,1,1
6936,4,1
215,3,37
218,3,11
219,3,4
2209,3,-1
6656,3,-92
2777,3,0
5144,3,5
4167,1,9
6068,3,7
6072,3,4
715,1,1
5223,3,-81
7044,1,7
1965,4,0
6898,1,0
7045,1,2
6797,3,0
4091,1,551
7046,1,6
7047,1,11
7048,1,-4
7049,1,-1
7050,1,4
7051,1,2
3214,1,0
6857,3,-9
6657,3,-90
7049,3,0
7044,4,4
7052,1,8
5964,1,60
5962,1,55
7054,1,-6
7053,1,515
7055,1,83
4484,1,3
1086,1,25
1157,1,-3
1103,3,-4
5484,4,0
7040,4,0
7055,4,10
7036,4,0
7034,4,0
7032,4,0
7035,4,0
7033,4,0
7038,4,0
7037,4,0
1920,4,8
5930,4,0
6768,4,9
6957,1,-2
6992,4,0
6843,1,579
6965,1,8
7059,1,20
3060,3,5
7060,1,929
7061,1,92.5
7062,1,-563
6155,1,0
7064,1,-2
7065,1,2
5886,1,0
7063,1,0
7066,1,0
5003,3,-1
4643,3,-5
3504,3,6
1229,1,-1
7067,1,2
2656,3,0
2553,3,0
7068,1,0
6429,1,0
1042,3,-2
5814,1,-2
2639,1,55
6935,4,-1
4769,2,2
4858,2,1
5337,2,7
2803,2,4
728,2,9
7069,1,17
3991,3,-10
1929,1,-1
6943,4,0
6843,4,147
5981,3,1
7070,1,0
7071,1,0
7072,1,0
7073,1,0
7074,1,0
7075,1,2
1774,1,12
7076,1,4
942,3,6
5996,3,-1
4427,3,12
5313,3,-1
5823,3,36
3785,3,-1
5316,3,-7
7023,3,-1
4118,3,344
210,3,23
1686,3,200
3689,4,0
4799,1,1
40,4,-4
4373,4,0
6958,4,8
5153,4,34
5152,4,19
5141,4,19
6945,4,0
39,4,1
5151,4,47
6231,4,1
5148,4,9
3040,3,6
139,4,32
1900,4,-1
3908,3,4
2067,3,-1
2178,3,-12
7077,1,3
7078,1,11
5707,4,0
5262,4,14
6942,4,0
5707,3,6
6115,1,-2
6984,3,1
5184,1,1
6008,1,0
6460,3,-15
4003,3,-3
6739,1,3
3506,3,-2
23,1,0
6882,1,37
562,1,11
5515,3,-2
1278,3,0
7079,1,5
6550,3,-2
6932,3,0
1972,3,-1
7066,3,-11
2866,1,47
7081,1,33
7080,1,49
7082,1,62
7083,1,6
7084,1,205
7085,1,21
7086,1,19
7087,1,16
7088,1,7
7089,1,99
7090,1,62
7091,1,45
7092,1,4
7093,1,18
5792,1,1
7094,1,4
4062,3,572
7066,4,-2
5932,3,11
3915,3,3
1819,3,-31
6130,3,11
6961,1,20
338,3,-4
5755,1,0
786,3,0
4091,3,-38
6547,3,0
3421,3,-3
1972,1,0
3754,4,-1
2236,3,-1
6263,3,-1
4759,4,4
6805,4,-1
6743,4,7
6840,4,0
7078,4,1
7077,4,0
1635,4,3
2622,4,0
6918,4,0
6764,4,0
2859,4,3
2860,4,0
2861,4,0
6782,4,0
6990,3,-15
366,4,-4
7058,3,-8
6965,3,4
1301,3,2
4298,1,-1
4856,4,2
6937,3,0
2723,3,2
5577,3,-11
6456,3,4
341,1,517
6974,3,13
4415,1,5
82,1,1500
6807,3,1
5676,3,-2
153,3,18
3603,3,-1
5303,1,-190
6881,3,52
6415,3,-26
5315,1,0
5314,1,0
5313,1,0
7103,1,0
7104,1,0
7105,1,0
4386,3,0
2363,3,-5
42,1,0
7106,1,1
7107,1,3
6058,1,-1
5150,4,27
6320,4,11
6363,4,0
1915,4,1
6337,3,5
6955,1,-2
609,1,2
2820,3,-1
7108,1,0
7109,1,0
7110,1,9
7111,1,76
3417,1,0
5963,1,44
7112,1,12
7113,1,47
7114,1,75
7115,1,0
6877,3,-2
2831,3,14
5963,4,10
7109,4,0
7108,4,0
7110,4,3
7023,4,0
3334,3,2
49,4,24
6544,4,25
2734,4,0
3956,1,0
5699,3,-5
6841,3,16
7117,3,-3
2155,1,0
51,3,9
553,3,-2
5301,4,-2
2354,3,-5
5592,4,4
6637,4,0
6875,3,-2
3143,4,7
2226,4,5
2290,1,8
1816,3,11
5849,1,-9
6956,1,-1
4231,1,-1
6946,4,0
7118,1,0
7119,1,0
7121,1,0
5213,3,-10
7120,1,0
286,3,0
7123,1,0
975,1,10
3059,1,-5
2225,4,10
6982,3,3
7124,1,0
7125,1,0
7126,1,1
7127,1,4
7128,1,0
7129,1,0
7130,1,-2
7131,1,0
7132,1,3
7133,1,0
7137,1,-1
7138,1,0
7139,1,0
7140,1,17
7141,1,-1
7142,1,0
7143,1,0
7144,1,0
1082,3,-6
4214,3,2
1183,1,-4
4175,3,-2
1229,3,5
6967,1,291
1817,3,1
6975,3,8
4925,3,-3
3087,3,-4
3055,1,0
6842,4,105
7145,1,29
7146,1,1
7147,1,4
7148,1,4
7149,1,3
7150,1,0
2588,1,5
7151,1,5
3575,1,0
7152,1,1
43,3,-21
5968,3,-33
7153,1,29
366,3,-26
6991,3,-8
6925,3,0
6926,3,0
7122,3,-2
3900,1,0
831,3,25
7154,1,398
6805,3,-105
7155,1,391
7156,1,137
7157,1,163
3258,3,-1
6741,4,0
3653,1,8
1358,1,6
1318,1,6
1002,3,-2
1256,3,-7
1084,3,-4
6087,3,-7
7138,4,0
7137,4,1
7141,4,0
7129,4,0
7130,4,0
7131,4,0
7124,4,-1
7125,4,0
7126,4,0
7071,4,5
7073,4,2
7072,4,0
7143,4,0
7142,4,0
2588,4,4
7151,4,4
7148,4,0
7149,4,0
7146,4,0
7147,4,0
7074,4,0
5885,3,4
3453,3,9
1448,3,-17
4414,1,7
7158,1,0
6765,3,-3
6276,3,6
1447,3,1
6721,3,6
6075,3,1
253,3,38
7145,3,6
6024,1,-3
7047,4,11
4826,1,15
3253,3,21
3251,3,16
6208,4,7
6969,3,-7.55
5629,1,-3
5939,3,4
7140,4,3
3984,3,-5
7048,4,10
7159,4,-225
7160,4,-102
1910,3,25
753,3,-3
6977,3,3
7135,3,0
1066,1,13
83,4,3.12
6794,4,0
6368,4,10
5690,4,20
7128,3,0
7160,3,-648
6029,3,3
3775,3,0
3794,4,10
5938,3,2
3948,4,0
3585,4,1
4504,3,1
7164,1,69
6746,4,-2
7002,3,-23
1965,3,-9
2642,3,-3
4317,3,-2
6989,3,-2
4113,3,-10
7102,3,0
7164,4,-10
6974,4,1
7039,3,-1
1884,3,-44
1887,3,-5
6055,3,0
1253,3,-4
7164,3,-64
4804,3,-5
6445,3,-1
1082,1,-1
7165,1,0
1020,1,48
6936,3,0
1136,1,4
100,4,0
4104,3,-200
5702,3,20
6993,3,-1
7166,1,2
6736,1,-1
7127,4,0
7128,4,0
204,1,199
6389,3,0
4481,3,11
5307,3,5
1158,3,0
1067,1,-1
1281,1,-3
1247,1,-2
6966,1,171.5
903,3,0
6362,3,-10
188,1,488
6644,3,-23.5
7173,1,67
7174,1,55
7172,1,70
7177,1,-18
3624,4,7
7125,3,0
110,4,3
6257,4,6
6591,4,3
6907,4,0
5194,4,0
5193,4,0
108,4,2
6372,1,-77
5902,1,-2
6546,3,-3
3656,3,0
2636,1,79
7181,1,0
7182,1,2
7183,1,9
7179,1,-2
4641,1,18
7116,3,-171
1805,1,21
488,1,-1
4004,1,10
6669,3,0
7185,1,2585
7186,1,3292
7187,1,20
3060,4,8
6772,4,0
7001,3,-26
7188,1,2
3357,1,4
7190,1,0
2084,1,4
7189,1,0
7155,4,34
7157,4,35
2289,4,1
2291,4,0
2285,4,0
6760,4,2
3584,4,5
6327,3,-2
1272,1,1
4082,3,0
3929,3,-13
6897,3,-31
4883,4,0
5147,3,10
7047,3,6
5169,4,1
4480,3,-8
5878,3,21
7014,3,-13
7191,1,2
5553,1,-1
6153,4,0
5046,3,-6
6861,3,-5
2246,4,18
7072,3,-4
2541,1,-1
2850,3,-2
5055,1,0
7192,1,1
205,1,166
2086,1,6
7193,1,2
7071,3,10
6382,3,94
2830,3,-6
5950,3,-15
7060,4,300
2085,4,6
2084,4,2
2086,4,2
7193,4,0
7181,4,0
7192,4,0
7190,4,0
6868,3,-9
6208,3,6
5045,3,14
6050,3,0
4766,3,4
1978,3,-3
4077,3,-2
7157,3,60
1670,1,0
2144,1,-1
1705,1,825.5
5876,3,-7
6163,1,0
6142,1,0
6195,1,0
6941,1,-1
5447,3,-12
4631,3,-2
1102,3,-5
1774,3,7
7076,4,0
7076,3,8
3982,1,-4
7194,1,2
281,1,145
1875,1,108
2783,1,2
7196,1,9
6459,1,-1
6910,3,-2
3870,3,7
7111,3,42
6915,3,-2
3119,1,122
7197,1,0
1056,3,-2
5827,1,0
3752,3,4
7198,1,23
7199,1,0
3038,1,-1
6335,1,7
7203,1,0
7201,1,0
7202,1,0
7061,3,-123
1384,3,-3
6219,3,-3
6799,3,-6
5821,1,0
3934,1,0
7207,1,10
7163,1,168
6806,4,-1
7182,4,0
3005,4,0
6816,4,11
6751,4,0
5304,4,0
7198,4,0
7208,1,0
7209,1,0
7210,1,0
7144,3,-4
7069,3,24
7116,1,3
1131,1,8
7211,1,0
7214,1,-1
7060,3,-118
5095,4,33.35
5933,3,7
7190,3,-3
5341,3,2
7168,1,0
7216,1,3
7217,1,5
7204,3,-22
6465,3,80
6626,3,0
6653,3,-1
6652,3,2
5412,3,0
7231,1,7
7230,1,9
7218,1,3
7227,1,0
7228,1,0
7229,1,0
7195,3,-16
6338,3,7
7206,3,-4
3674,1,3
6358,3,4
7150,3,0
3557,1,0
7237,1,5
3278,1,0
7238,1,2
7239,1,1
4596,1,0
2941,1,5
6622,3,-1
7182,3,6
7181,3,85
5351,3,1
539,4,0
6952,1,-1
307,3,1
6403,3,-1
6057,3,0
2189,1,160
6859,4,0
6949,1,-2
7048,3,6
7247,1,6
3406,3,-7
154,3,3
7248,1,0
7249,1,-8
3553,3,-5
5826,4,5
7250,1,0
7251,1,0
7252,1,0
7253,1,0
7254,1,0
7229,3,-9
7228,3,-11
7258,1,42
7255,1,0
4488,1,5
7256,1,6
7257,1,6
7244,1,0
6052,3,0
6062,3,0
6085,3,0
6061,3,0
7205,3,-15
967,1,13
3386,1,25
1697,1,-12
7255,4,0
7253,4,0
7256,4,0
7257,4,0
7211,4,0
7214,4,0
7113,4,0
7105,4,0
6996,3,5
4329,1,10
7213,3,-23
3762,3,0
1348,1,-3
5180,3,-1
5395,3,51
5323,3,2
7264,1,0
7220,3,84
540,4,10
5873,1,3
6768,3,11
7245,1,-8
5954,1,0
7263,3,364
3299,3,-1
3287,3,-1
1985,3,0
6486,3,15
7265,1,-6
7198,3,-14
2061,3,-1
6332,1,2
208,3,84
3584,3,30
249,3,-15
7263,4,95
799,3,3
1290,4,0
7266,1,-4
3573,1,1
7155,3,67
176,1,42
7263,1,43886
7196,4,0
1335,1,7
2910,1,17
6970,3,-95.39
3003,4,0
6443,3,-246
3467,3,-2
7044,3,2
7262,1,71
438,1,10
2738,3,-3
3555,3,-3
6209,3,-1
7161,3,0
1699,3,70
765,3,7
3821,3,1
7273,1,20
7274,1,16
7275,1,8
7276,1,0
4724,1,1
7277,1,0
4372,1,0
7278,1,367
7279,1,398
5828,1,0
6950,1,0
7280,1,0
301,1,202
6434,4,314
118,4,0
7186,4,434
6268,4,156
4062,4,549
4109,4,105
2632,1,36
6069,3,25
7261,1,8
7282,1,34
7281,1,53
6826,3,31
7216,4,0
2649,3,-1
4362,1,-4
7292,1,2
1287,1,4
7294,1,21
7283,1,76
7284,1,0
7285,1,51
7297,1,32
7287,1,16
7288,1,105
7289,1,46
7290,1,127
7291,1,20
7295,1,196
7296,1,137
610,3,-8
7216,3,6
7131,3,0
98,3,7
7246,4,0
3083,1,0
7184,1,30
7272,1,-11
5012,3,-1
5553,3,0
2290,3,3
3111,4,0
7258,3,0
7298,1,-24
1871,1,0
2633,1,3
321,3,-1
5072,3,6
7178,3,-72
7299,1,4
5014,3,-3
6267,3,584
1828,1,1
1812,1,-7
6909,3,12
5876,4,0
7212,3,3
7233,3,-10
2295,3,-16
1448,1,-1
686,3,2
7288,3,20
7290,3,11
2634,1,47
7289,4,17
7287,4,12
7285,4,0
7283,4,7
7291,4,7
7296,4,10
7271,1,3
7300,1,6
2805,3,-1
7270,1,1
6485,3,-4
5492,3,0
6226,3,-1
291,2,7
292,2,0
262,2,0
225,2,1
226,2,48
5960,2,0
297,2,0
304,2,0
4755,2,0
4760,2,0
7245,4,-3
6440,1,0
6359,3,5
7301,1,0
7302,1,3
3849,1,82
7303,1,25
7304,1,-69
3769,1,3
2552,1,0
763,3,10
7130,3,-1
7267,1,6
3897,3,6
7305,1,-35
7306,1,5
5885,4,5
7202,3,-5
7154,3,69
5059,4,18
340,3,-59
6424,3,-4
2247,1,6
2267,1,16
2269,1,2
2262,1,2
7015,3,3
7279,3,48
3327,3,0
6322,3,5
7247,4,3
5496,4,3
5061,4,5
7302,4,0
6986,3,0
6423,3,-1
4869,1,0
791,3,0
7221,3,-20
2678,1,0
1316,3,5
7225,3,-37
4700,1,16
928,4,0
2897,3,-7
6745,3,2
7260,1,0
7270,3,-1
7268,3,-5
1438,4,12
7308,1,17
106,3,-1
7199,3,1
2826,3,-2
149,3,29
6623,1,53
6624,1,0
6886,3,100
4596,3,-4
7309,1,0
7310,1,1
2792,1,-2
231,1,36
7307,1,3
7269,1,0
5664,1,6
7311,1,40
5050,4,15
6812,4,0
5413,1,25
7123,3,4
2062,3,0
6625,1,0
1248,1,-1
5049,3,58
3135,3,-15
2547,4,1
7244,3,-2
5131,3,1
7312,1,26
7127,3,23
5028,3,2
7289,3,19
4046,4,-6002
7040,3,0
5049,4,9
3194,1,-18
7269,3,1
6392,1,0
7314,1,29
3611,1,2
7156,4,40
7242,3,-21
385,1,70
980,3,-2
7315,1,11
7316,1,0
915,1,18
3574,1,5
3433,1,7
652,1,0
3578,1,0
3508,1,3
7239,3,-2
7258,4,0
6905,4,0
3578,4,0
652,4,0
3574,4,0
3433,4,0
924,4,0
4034,1,-10
4040,1,59
7298,3,-18
816,3,25
7276,3,-3
1079,1,0
7287,3,13
1359,3,3
6067,3,-1
1314,3,4
6240,1,0
7315,4,0
3508,4,0
916,4,3
7316,4,0
7304,3,-171
7156,3,54
6763,3,-1
206,1,52
6201,4,8
2270,1,0
7240,3,-10
1523,3,-2
1980,3,-4
2954,1,1
2988,1,4
7318,1,-9
1281,3,-6
7319,1,171
7320,1,9
7321,1,0
7322,1,56
7323,1,22
4234,3,-1
5606,1,0
7207,3,6
949,3,10
7261,4,0
7324,1,0
7325,1,0
7050,3,-29
7326,1,0
7317,1,8
722,1,5
3591,1,0
915,4,0
4846,3,-2
7327,1,0
6553,3,-8
3817,4,7
5961,1,21
5705,3,-3
7261,3,-53
2211,4,13
7298,4,2
6914,3,-3
1195,3,-16
7295,3,15
6580,4,46
7328,1,0
7034,3,1
7296,3,17
3902,1,0
7244,4,0
4244,3,-2
5426,2,0
6390,2,35
5140,2,30
5141,2,0
5139,2,2
5150,2,4
5151,2,4
5152,2,1
5153,2,12
5149,2,44
1200,3,-5
2893,1,0
5361,2,3
3578,3,0
6371,4,13
6781,4,0
6053,1,0
7212,1,36
1816,4,17
6670,3,-1
6671,3,-1
1023,1,11
5605,3,-1
151,1,46
6578,3,-1
4390,1,-6
6808,3,-1
3589,3,2
4328,1,0
4334,1,11
924,3,1
3433,3,-2
4502,1,3
2107,1,1
1909,1,6
1908,1,0
3500,1,0
5788,1,10
2025,1,10
2006,1,3
2613,3,1
3293,3,-2
3259,3,-1
7312,4,7
5161,4,0
764,4,18
3674,4,7
5294,4,40
5264,4,16
2107,4,0
4502,4,0
3500,4,0
651,1,0
777,1,38
1057,1,50
1060,1,38
1769,1,199
6253,3,-1
6313,1,13
5434,1,31
5433,1,0
851,1,9
3826,1,84
864,1,0
3865,1,0
7329,1,0
6921,3,1
569,1,-1
2740,1,34
7234,3,-16
538,3,-6
2979,3,-48
6493,3,-2
5377,3,-1
4679,1,197
6803,4,0
578,1,3
2939,1,14
6717,3,-1
5910,3,-13
2672,3,2
5608,4,0
6494,3,7
916,3,3
4089,1,-117
1045,3,-2
4556,1,-2
2663,3,0
7177,3,-33
2273,1,6
2009,3,5
4683,3,50
7245,3,-6
5526,1,-1
7159,3,-288
797,1,-1
908,1,-1
909,1,1
910,1,5
1049,3,-2
7330,1,10
4414,3,-2
2968,1,-2
2006,3,-1
3619,3,1
1774,4,0
7132,4,0
4530,1,1800
3248,1,14
1823,3,-1
913,1,45
6885,3,0
4845,1,-1
4849,1,7
7301,3,-10
2855,1,1000
917,1,16
921,1,93
3574,3,2
922,1,1
7268,1,1
923,1,0
926,1,0
946,1,141
940,1,0
1228,3,2
6495,3,-8
915,3,18
4087,3,-64
948,1,209
5831,3,1
6554,3,5
3053,1,14
3050,1,12
1938,3,-1
7232,1,0
5362,3,-1
3681,1,7
5411,1,3
950,1,0
1008,1,0
6935,3,0
1053,1,3
4729,3,4
1052,1,16
1085,1,-4
6496,3,0
4644,1,0
2025,3,9
2475,3,-1
2680,3,-1
5258,4,12
4876,4,2
13,4,2
3851,3,0
1676,1,1400
6732,3,-1
1830,1,21
7260,4,2
7259,4,1
5079,3,-6
6370,1,0
7100,3,-1
5769,3,-6
6322,4,4
555,1,0
6205,1,4
2303,1,18
6214,1,0
194,1,0
202,1,1
6619,3,85
7332,3,-1
7331,3,-1
7255,3,44
3307,3,-1
1730,1,-2
7068,3,-9
25,1,45
1370,3,2
1440,3,1
3823,1,145
5823,1,93
6960,4,0
6845,3,0
1820,1,0
1236,1,-1
1237,1,-1
5897,3,-1
3039,3,-8
4854,2,1
695,2,4
1302,2,2
325,2,51
344,2,20
545,2,4
554,2,1
563,2,10
675,2,6
4755,4,3
3954,4,-2
5824,4,1
7336,3,84
7339,3,2
4680,1,-2
7243,3,-23
2463,1,-1
3690,4,5
7019,3,-1
7041,3,-1
922,3,-1
1225,1,6
5787,1,60
557,4,12
6923,3,26
3598,3,28
169,1,0
1184,1,5
6744,4,3
2098,4,1
6745,4,6
7317,4,2
6667,4,0
934,4,1
796,4,0
910,4,0
7246,3,5
6484,3,0
5903,1,-2
6526,3,4
7331,1,1
7332,1,1
7232,3,-1
1665,3,-41
1989,3,-1
7038,3,5
4117,3,185
282,3,-4
7340,1,0
2062,1,1
1825,1,5
5407,1,4
1826,1,0
2098,1,12
6953,1,-2
1743,1,2
1744,1,0
941,3,7
6317,3,7
320,3,1
5071,3,4
1769,3,-18
7095,3,-8
262,3,1
6988,3,0
5617,3,1
3990,3,-18
5402,3,21
2465,4,37
305,3,-26
7312,3,13
1810,1,4
5263,3,15
1456,1,-1
7214,3,-1
4701,1,-3
5520,3,-2
1813,1,16
6814,3,-27
7344,3,1
3165,1,56
1228,1,9
7265,3,-3
7265,4,0
7342,3,-5
260,3,-11
7224,3,-26
6927,3,52
7262,3,48
1828,3,1
1688,3,200
1696,3,300
6873,4,0
1822,4,2
7340,4,0
1825,4,7
6593,4,6
6592,4,2
1828,4,0
2708,4,-2
965,3,3
2820,1,4
2566,3,-7
3848,3,-1
7099,3,0
6948,3,-2
7124,3,0
814,3,30
814,4,10
6623,3,18
83,3,124.38
6988,1,-4
1125,3,-2
850,3,-2
362,1,44
5382,3,1
7303,3,15
6271,3,-70
934,1,0
796,1,-1
3110,1,0
1918,3,15
7108,3,34
7027,3,1
3480,3,-3
1866,1,17
6316,4,5
614,4,3
1450,4,3
1456,3,-5
2929,3,-5
308,4,0
913,3,14
7341,1,250
3088,1,-1
2083,3,3
1874,1,1423
6701,1,0
3105,1,70
880,3,9
542,3,-4
4779,3,2
6626,1,0
6465,1,388
1185,1,1
6470,1,18
1521,3,-1
6962,3,2
1863,4,0
1876,4,0
6336,4,2
7235,3,-4
7278,3,49
6733,3,-7
5665,3,4
5345,3,-3
2194,1,51
1966,3,-1
1758,1,-1
5051,4,9
2927,3,-4
7224,1,-3
4676,2,102
5115,2,10
5113,2,6
644,2,5
636,2,5
861,2,3
5117,2,-1
4046,2,10
6784,3,-11
6944,3,8
4000,3,2
6162,1,0
1867,4,0
4167,3,-1
2701,1,-12
1383,4,3
2468,3,-2
6235,1,0
6229,3,-2
3482,3,-2
6628,1,0
6629,1,0
6630,1,0
7054,3,-2
2861,3,-2
7129,3,1
6631,1,0
6887,1,0
6888,1,0
6889,1,0
7095,1,47
7096,1,0
7097,1,5
7098,1,14
7099,1,0
7100,1,0
7136,1,0
7135,1,0
7134,1,0
7161,1,0
6321,4,10
3062,3,0
2815,1,0
2818,1,9
495,3,-3
6622,1,0
62,1,0
6916,1,0
7162,1,0
7348,1,0
1024,1,0
3052,4,6
6317,4,15
7199,4,0
483,1,-8
2320,3,-3
7274,3,10
6889,3,0
7136,3,32
6874,3,0
5743,3,-12
3888,3,-5
865,1,51
795,3,7
279,3,-13
5145,3,5
63,1,1
6071,3,1
2935,3,-5
5058,4,27
6233,4,0
6006,3,5
6534,3,18
100,1,-1
3070,3,30
6089,1,6
6140,1,0
6146,1,0
7272,3,-18
5819,4,0
14,3,3
2592,1,9
7253,3,0
42,3,730
66,1,1
4757,4,6
6676,4,1
7104,4,0
7335,1,0
4739,2,10
4737,2,5
4740,2,3
4758,4,3
4760,4,5
4748,2,1
4762,4,2
4752,2,4
4776,2,-3
6373,1,0
4767,2,0
4774,2,1
5051,3,8
5247,2,0
4732,2,2
4796,2,1
4725,2,2
4801,2,1
4802,2,1
842,2,3
745,2,33
4751,2,2
4778,2,1
4777,2,1
1161,1,4
3123,1,360
7291,3,2
5832,3,-2
4231,3,-2
3229,1,0
3804,1,0
6306,4,10
5082,4,8
5081,4,12
3810,1,0
6915,1,0
6930,3,1
66,4,1
909,4,-1
2783,4,0
5821,4,0
2167,4,0
6435,1,0
1827,4,-12
4184,1,7
1026,4,0
5349,3,-1
4120,3,156
6558,1,28
5484,2,2
4429,1,1
2876,3,-3
7185,4,-259
2164,1,0
5972,3,0
4768,2,1
806,2,3
7236,3,-1
5811,1,0
5818,1,-2
7196,3,5
6887,3,-20
6259,3,8
6794,3,-4
5826,1,2
6356,4,5
2224,4,14
2217,4,8
5105,4,23.5
6342,4,0
6351,4,0
5212,1,0
6546,1,2
5019,1,0
4072,1,0
4073,1,0
4074,1,4
4082,1,0
4094,1,-1
4075,1,0
4076,1,0
1612,1,412
5818,4,0
326,2,32
327,2,80
233,2,178
6872,3,2
232,2,25
236,2,1
235,2,10
345,2,154
346,2,82
3517,3,14
1814,2,3
227,2,100
275,2,1
7252,4,0
6256,4,20
3850,3,-2
1134,1,-1
7154,4,31
1529,1,-1
1175,1,10
1177,1,10
6080,1,0
322,2,11
5461,2,19
5077,2,9
5462,2,3
1364,2,3
1366,4,13
1365,2,3
257,2,59
5050,2,1
5725,2,34
343,2,6
341,2,1
383,2,81
311,2,10
3734,1,6
307,2,0
5465,2,9
5464,2,8
7322,4,14
6839,4,0
3127,4,0
7135,4,0
7161,4,0
6983,3,5
2177,3,94
2207,3,8
217,3,14
229,3,11
3442,3,7
4166,1,35
4190,1,7
803,2,1
814,2,0
1859,1,0
858,2,1
3975,1,-5
1773,1,1
1618,1,127
6631,3,0
7226,1,4
5928,3,18
647,2,15
778,2,1
882,2,0
6888,3,1
7070,3,-10
1876,3,26
1997,3,1
1028,4,4
4134,3,-10
1515,3,-1
6051,3,0
6392,3,0
4116,3,642
357,3,58
357,4,17
571,2,1
542,4,4
543,4,3
544,4,-1
552,3,-1
1144,1,-1
564,2,4
543,2,2
549,4,4
551,4,3
560,4,0
3510,2,20
3518,2,0
3513,2,1
3461,2,1
2202,3,3
6243,3,-1
67,3,42
2551,3,-2
1434,2,25
1435,2,0
1441,2,2
4342,1,2
6844,4,0
389,2,13
7096,3,3
5333,2,4
5334,2,2
3220,2,3
3222,2,2
5844,2,1
3172,2,14
3173,2,1
100,3,-1
3189,3,-4
3483,2,0
3484,2,3
834,3,31
5508,2,17
4227,1,1
3491,2,27
3490,2,1
7117,1,-3
5422,2,83
2979,4,14
5432,2,2
4973,1,0
4158,1,0
4178,1,0
4179,1,0
4162,1,0
3933,2,1
5712,2,3
3948,2,4
5022,1,0
4160,1,0
6320,2,16
3929,2,5
5391,2,2
3932,2,3
5742,2,1
3846,2,1
3856,2,30
5729,2,3
7274,4,5
2492,1,6
2534,1,2
2785,1,63
7152,3,-8
5649,2,3
5647,2,1
2835,4,0
6664,4,0
7031,4,5
5022,4,0
4160,4,1
7246,1,1
6356,3,4
797,3,0
6148,1,0
3740,2,5
3911,2,1
3937,2,1
2740,4,8
3813,2,3
3901,2,0
1439,3,8
3613,2,1
7354,1,0
1800,1,38
5289,1,37
1795,1,2
1850,1,96
5636,4,0
5740,2,3
3752,2,2
3751,2,1
3869,2,9
3868,2,20
3773,2,4
2772,3,-2
3090,3,-1
2280,3,-2
352,3,-16
4775,1,5
3806,1,14
1424,2,7
886,1,4
929,1,0
2779,2,41
2183,1,1
6123,3,0
1487,1,2
1963,1,8
2750,1,-3
1963,4,7
3081,3,3
6818,3,-15
5013,1,-11
4985,1,19
4986,1,0
6459,3,-26
2464,3,-4
6984,1,0
1029,3,1
67,4,18
6918,3,17
3681,2,4
5362,2,1
3713,2,1
3132,2,1
3032,2,4
5506,2,3
3045,2,1
6845,2,1
1822,2,6
6633,2,1
6393,2,2
1863,2,1
6363,2,1
222,2,35
6642,2,1
5852,2,1
5860,2,7
6316,2,2
3060,2,1
5129,2,2
5854,2,2
7350,4,0
1924,2,3
6440,2,1
1245,3,-3
991,3,-4
4709,1,-1
764,3,5
2936,1,12
4892,1,0
7355,1,0
4177,1,0
2825,3,0
6766,3,-1
3224,1,49
2492,4,2
6889,4,0
929,4,0
886,4,0
159,4,4
3469,3,-1
7357,1,1
6296,1,22
6128,1,0
5330,1,0
3832,1,0
3833,1,0
3862,1,12
2776,3,-2
3781,1,19
5685,1,1
5609,3,5
4079,4,0
6879,4,7
1241,1,1
6475,3,-146
4467,3,-3
6838,3,-7
7361,1,0
7362,1,1
1829,3,1
2662,3,-1
6408,3,-1
7363,1,0
7364,1,161
3586,1,36
3467,1,0
7365,1,0
3465,1,3
7366,1,3
7367,1,0
7368,1,1
6409,3,-1
1794,2,9
1439,2,8
7369,1,0
6529,3,-1
5351,2,2
3230,2,2
5322,2,1
6473,4,4
2534,2,7
7193,2,1
4507,2,2
5539,2,1
4480,2,6
1377,2,2
5012,4,0
4985,4,0
5013,4,0
4986,4,0
2140,2,3
158,2,10
5541,2,2
2081,2,1
5219,3,101.2
6863,3,-12
4479,2,4
5658,3,6
7031,3,5
3336,2,1
5340,2,0
1660,3,-2
3239,2,1
3697,2,1
3692,2,1
5636,2,2
5679,1,1
7370,1,20
7371,1,55
7372,1,0
7373,1,36
7374,1,20
763,2,2
1635,2,0
7375,1,0
7376,1,3
7377,1,0
7378,1,0
7379,1,0
7380,1,0
7381,1,4
7382,1,10
7383,1,0
7384,1,0
7388,1,22
7385,1,0
7386,1,8
7387,1,0
2761,3,3
3083,2,1
2845,2,2
5530,2,2
6945,2,4
6751,3,7
5686,2,2
5792,2,1
1938,2,1
2997,2,3
6432,2,4
1883,2,1
4513,2,3
7109,2,3
2563,2,1
5982,2,6
629,3,-25
844,4,-1
3949,3,-6
7389,1,6
7390,1,0
7391,1,0
7392,1,-1
7393,1,3
7396,1,0
7394,1,0
7395,1,0
5234,3,-5
6391,2,16
4373,2,1
6382,4,19
6400,2,13
6401,2,15
2561,4,0
7397,1,0
5748,1,0
6903,3,-1
4773,3,2
7398,1,402
5423,2,4
6873,2,1
7399,3,-12
209,1,199
4338,3,-1
7400,1,0
7401,1,0
7402,1,2
5965,1,0
7368,3,0
5281,3,-4
948,4,21
7403,1,0
4006,4,3
217,1,226
214,1,192
1136,3,-17
6637,2,1
5227,2,15
7402,4,0
7401,4,3
7404,1,0
7405,1,14
7406,1,30
7407,1,6
145,4,0
5415,2,5
7262,4,0
7074,2,2
6291,2,2
2584,2,4
5609,4,4
7026,2,1
7025,2,1
2142,2,3
1930,2,1
102,3,-2
1449,2,1
1450,2,2
4709,3,-2
6322,2,14
4706,1,1
4720,1,1
4871,1,11
4877,1,1
4939,1,1
4875,3,1
4920,1,5
4716,1,2
4881,1,1
4846,1,5
957,1,-1
4830,1,2
4831,1,14
4848,1,5
4843,1,5
4842,1,6
4833,1,16
4832,1,3
4835,1,3
4822,1,1
4841,1,1
4838,1,1
4836,1,5
4825,1,1
4827,1,4
4837,1,0
4824,1,0
4780,1,6
4851,1,9
4839,1,9
4826,3,9
7408,1,8
7409,1,0
7410,1,3
7411,1,6
7412,1,4
7413,1,2
7414,1,0
912,1,2
776,1,7
720,1,3
2470,1,1
826,3,18
3079,2,1
3076,2,1
5892,2,3
5483,2,1
4554,2,1
6544,2,5
6543,2,37
6968,1,2
6238,4,0
5027,2,2
2615,4,0
7086,3,2
7157,2,21
7104,3,0
4366,4,0
2728,2,1
4512,2,11
4511,2,12
4613,2,0
4475,1,1
5327,2,17
5154,1,0
4606,2,29
5325,2,26
6294,3,7
2962,1,1
2588,2,0
1774,2,0
2600,1,11
7417,1,42
7418,1,26
7419,1,18
7420,1,21
7421,1,24
7422,1,19
7423,1,9
7424,1,29
7425,1,33
7426,1,23
6315,3,7
7427,1,28
3923,4,0
7415,1,-14
6779,2,20
7179,4,0
7367,3,-1
6038,2,2
6319,4,0
7440,1,400
7441,1,400
7442,1,200
7443,1,0
7444,1,-200
7445,1,200
7446,1,11
7447,1,0
7448,1,10
7449,1,14
7450,1,16
7451,1,111
7452,1,0
7453,1,19
7454,1,20
7455,1,0
7456,1,272
7457,1,55
7458,1,0
7459,1,0
7460,1,13
7461,1,0
7462,1,-1.5
7463,1,300
142,2,6
4008,2,1
5258,2,2
4042,2,0
6223,4,1
1382,4,0
801,2,19
7431,1,0
7432,1,0
7433,1,1
7434,1,0
7435,1,0
7436,1,1
7437,1,7
7438,1,3
7439,1,3
805,2,24
809,2,5
2316,2,1
1739,2,1
6110,4,1
7428,1,0
7429,1,0
7430,1,0
7464,1,42
5959,1,11
6521,3,2
6862,3,2
7183,3,10
7360,1,1
7358,1,20
7359,1,5
7465,1,0
1186,3,-2
631,3,-10
879,1,0
5823,4,-4
1303,2,22
5199,2,1
573,2,2
2769,2,2
4343,2,5
4345,2,0
4337,2,12
1385,2,6
837,2,1
836,2,1
3693,3,1
845,2,1
822,2,5
816,2,1
829,2,4
827,2,2
819,2,4
818,2,1
7434,3,0
7181,2,4
5690,2,37
3356,1,-1
7308,3,6
6744,3,5
7416,4,0
7413,4,2
7410,4,2
7412,4,2
7400,4,0
7148,3,4
7146,3,4
7147,3,4
7151,3,6
5987,3,2
6905,3,16
6847,3,17
6850,3,13
7209,3,6
7328,3,21
3670,3,0
5209,1,0
6777,3,1
6465,4,0
7276,4,0
7275,4,10
6128,2,3
6296,2,4
5884,4,0
3922,2,4
6820,4,6
5555,3,-2
3915,4,3
3862,2,3
5956,4,1
5211,1,5
3649,1,2
3661,1,2
7467,1,2
7468,1,2
3667,1,4
2356,2,1
739,2,11
5317,4,0
5843,2,1
746,2,4
645,2,14
725,2,0
897,2,2
937,2,1
5175,2,1
5486,2,16
859,2,2
5842,2,17
3170,2,2
6569,2,16
2288,3,-1
4770,2,1
688,2,12
6447,3,31
5226,2,4
788,2,1
794,2,3
5108,2,12
765,2,1
770,4,3
614,2,3
3156,2,46
3157,2,102
3155,2,7
3153,2,16
4647,1,21
2962,3,1
2988,3,0
6951,1,-1
6954,1,-1
358,4,48
1795,3,2
7469,1,1
7470,1,19
7471,1,22
5116,2,1
348,2,2
331,2,30
333,2,2
2921,2,14
2922,2,17
2927,2,53
3377,1,3
3358,1,3
5999,1,1
3359,1,1
3384,1,0
896,1,6
3383,1,0
2947,4,10
2930,2,3
2924,2,4
2923,2,4
3227,1,-4
7473,1,12
1172,1,4
566,2,3
5454,2,8
5455,2,43
5456,2,7
5453,2,48
2743,1,2
1637,1,14
3957,1,13
864,3,1
2751,1,12
5966,1,17
5968,1,2
7474,1,8
7475,1,1
7476,1,-3
7477,1,0
7478,1,0
7415,4,-5
2958,2,1
2983,2,1
2268,3,0
3180,1,6
7479,1,-24
2963,2,5
2965,2,5
2960,2,3
2973,2,13
2957,2,11
2967,2,4
2990,2,5
2986,2,2
2561,1,-5
7407,3,5
3793,1,1
5850,3,25
5785,3,28
3166,3,16
3203,3,12
5063,2,2
5078,2,21
5074,2,1
7480,1,0
7481,1,19
7482,1,0
7483,1,11
5486,3,40
7275,3,8
276,2,19
630,3,-23
229,2,2
228,2,4
328,2,102
4166,3,57
3741,1,1
3923,1,0
6902,3,4
3930,3,12
6462,3,15
6820,3,9
6128,3,1
6296,3,10
5199,3,13
4076,3,1
4075,3,3
3781,3,-2
3833,3,0
7302,3,-1
6655,3,2
7404,3,98
3754,1,10
851,3,9
6866,3,8
3750,3,4
7153,3,10
3840,1,8
7484,1,3
7485,1,2
7486,1,0
360,2,40
2170,2,4
2174,2,0
2173,2,20
2171,2,5
2187,2,3
2765,2,9
2490,2,0
2488,2,5
2513,2,-3
2518,2,4
1371,1,-2
2494,2,1
2495,2,-1
2521,2,6
3859,3,28
6526,4,3
1850,3,-3
2522,2,2
4660,2,2
3938,2,2
3176,3,575
172,2,0
174,2,0
179,2,491
178,2,706
177,2,1277
171,2,0
3225,1,13
175,2,2576
122,2,3
2415,2,2
2531,2,6
2526,2,3
6246,2,5
2416,2,1
5206,2,9
7488,1,7
3033,3,-11
7203,3,5
1343,2,0
1404,2,11
5172,3,-4
5285,2,2
784,2,2
4011,2,1
4033,4,6
4040,4,8
969,3,-2
2204,2,16
1337,2,6
2210,2,19
2199,2,2
1331,2,8
1330,2,2
1326,2,32
5111,2,4
2206,2,10
2208,2,2
7489,1,15
7490,1,0
7491,1,7
6851,3,11
6853,3,0
6852,3,2
1014,4,0
5637,3,16
6371,3,16
3093,2,2
6371,2,5
2863,2,8
1162,3,0
7492,1,2
6900,3,2
7493,1,0
7494,1,6
6425,1,5
3780,1,3
1294,2,5
5762,2,9
6881,2,5
4315,4,10
2886,2,12
5329,2,376
5225,2,1
650,2,1
3002,2,1
723,2,1
712,2,6
1783,2,1
1784,2,6
5837,2,4
6123,4,0
1313,2,6
1312,2,2
713,2,36
6816,2,9
3036,2,7
3743,1,16
3910,1,19
7496,1,34
7495,1,6
1311,2,0
58,4,2
2801,2,3
2802,2,44
7416,1,-13
2780,2,184
6114,2,21
876,2,16
3238,2,4
887,2,42
3133,2,0
5747,2,1
3768,2,4
3946,2,7
878,2,4
7497,1,22
7498,1,16
5749,2,1
392,2,3
1293,2,30
3138,2,0
3205,2,1
151,4,7
1399,2,5
3225,2,1
5683,2,1
5531,2,4
7501,1,1
7502,1,63
7503,1,30
7504,1,0
7505,1,0
7506,1,35
7227,3,0
7508,1,7
6157,3,0
6160,3,0
3166,2,10
5845,2,6
1421,2,1289
64,2,6
1928,4,4
5766,2,7
5171,4,1
764,2,10
2994,2,1
2804,2,27
2442,2,1
2480,2,2
7510,1,0
7511,1,0
3796,1,0
7509,1,15
7512,1,4
7507,1,25
7513,1,96
7514,1,1
7515,1,4
7516,1,0
7517,1,0
7354,3,0
3967,3,0
6323,4,8
7500,1,5
7029,2,1
2499,3,10
7519,1,39
7520,1,50
7518,1,27
5489,1,10
7521,1,27
7522,1,6
3891,1,8
7523,1,3
3841,1,2
3890,1,1
6298,3,-1
7524,1,1
7525,1,0
7526,1,5
1210,1,-2
3453,1,15
7320,3,18
5603,1,2
5593,1,3
5600,1,1
5605,1,6
3590,1,3
3560,1,1
3614,1,1
6086,1,12
3595,1,1
3460,1,1
2583,3,0
7527,1,0
7528,1,0
7529,1,0
7530,1,0
7531,1,0
7532,1,-1
7533,1,0
7534,1,0
7535,1,0
7536,1,0
7538,1,0
4227,3,4
7524,4,0
7539,1,5
7540,1,0
7541,1,0
7542,1,0
7543,1,0
7544,1,4
7545,1,4
7546,1,8
7547,1,0
7548,1,5
7549,1,3
7550,1,1
7551,1,0
7552,1,3
1683,3,200
6998,3,0
798,3,10
5328,2,50
7553,1,0
7554,1,0
7555,1,14
7556,1,24
7557,1,16
7558,1,14
7559,1,30
7560,1,0
7561,1,4
6325,3,7
6593,3,8
6594,3,5
3993,3,5
7562,1,26
7563,1,11
7134,3,0
6042,1,-23
7564,1,0
7565,1,0
7566,1,0
7567,1,0
7568,1,0
4461,1,1
4112,3,-100
5598,1,6
7570,1,1
6087,1,0
3468,1,0
3477,1,3
6295,1,0
7569,1,12
6090,1,2
16,4,2
3197,1,1
16,3,2
6672,3,-4
7572,1,0
7571,1,1
6804,3,0
7030,3,0
7411,3,9
2784,3,13
6791,3,0
7412,3,6
7410,3,6
7413,3,2
7409,3,3
6451,1,0
7037,3,7
7035,3,0
909,3,23
6869,3,1
6800,3,6
2836,1,0
7291,2,2
1197,1,-3
3600,1,0
3609,1,4
3610,1,6
3608,1,6
5469,1,-1
6141,1,1
6281,1,1
1527,1,-1
6284,1,3
1499,1,5
1505,1,2
5470,1,2
1523,1,2
1510,1,0
1522,1,0
6287,1,3
1509,1,1
1503,1,5
5599,1,1
5480,3,0
1479,1,1
4526,3,-57
5570,1,1
1472,1,2
1453,1,0
5596,3,-4
3252,3,12
7029,3,0
4508,3,1
4507,3,4
1825,3,2
6095,3,1
6472,3,6
5540,3,2
5717,3,6
1973,3,9
4489,3,4
5471,1,0
5468,1,5
5144,4,9
1480,1,154
7573,1,13
1497,1,137
1513,1,232
2840,1,144
4257,1,5
3992,1,0
7574,1,2
7575,1,3
7576,1,8
7577,1,-5
7578,1,15
7579,1,15
7581,1,0
7580,1,0
7582,1,1
7583,1,100
7584,1,3
6738,1,0
6737,1,1
2051,1,0
5522,1,-2
5976,1,0
6380,3,5
1939,3,2
7259,1,4
5794,1,3
7058,1,0
1954,1,0
4474,3,2
7340,3,0
5420,3,2
1933,1,2
4496,3,8
5780,3,4
7122,1,7
5789,1,1
2079,1,0
1822,3,11
5770,3,2
5781,1,0
6456,1,2
2084,3,3
2085,3,3
2086,3,4
7193,3,3
2147,3,-1
6413,3,1
6261,3,1
2097,1,2
1869,2,11
7115,3,2
7133,3,4
7449,3,0
1875,2,0
7610,1,2
7586,1,3
7585,1,1
7587,1,0
7588,1,-594
7589,1,-792
7590,1,-297
7591,1,1
7592,1,1
7593,1,2
7594,1,1
7595,1,2
7596,1,0
7597,1,3
7598,1,0
7599,1,1
7600,1,2
7601,1,3
7602,1,2
7603,1,2
7604,1,3
7605,1,2
7606,1,1
7607,1,0
7608,1,5
7609,1,0
7611,1,1
7033,3,0
7612,1,0
7613,1,15
7614,1,47
5467,1,4
7341,4,100
4668,2,0
95,3,89
95,4,105
4626,1,10
4628,1,15
4643,1,7
7616,1,41
7617,1,64
7615,1,3
7540,3,0
5974,3,83
7618,1,0
137,1,1
7620,1,0
7619,1,0
1962,1,8
6530,3,2
4984,3,2
3029,2,1
3108,1,24
3079,3,9831
7619,4,0
1962,4,3
7203,4,1
7620,4,1
6281,3,-1
7621,1,0
629,2,0
664,2,731
526,2,0
4061,2,0
1347,2,0
272,2,-20
271,2,0
672,2,136
668,2,356
666,2,691
662,2,30
661,2,398
663,2,140
747,2,25
749,2,55
750,2,174
751,2,60
6288,2,10
6264,2,10
685,2,5
5949,2,2
921,3,96
7137,2,2
7138,2,1
6929,3,1
5542,3,0
7622,1,2
7266,3,-2
3069,1,1
6760,3,2
6569,3,34
3097,1,4
2657,3,0
5889,1,0
7103,3,1
3085,1,60
6758,3,2
1812,3,21
7623,1,4
7624,1,4
7564,3,2
7566,3,0
7565,3,1
2218,3,5
2223,3,92
2227,3,57
6828,3,-2
3122,1,2
78,2,20
75,2,35
88,2,87
946,4,13
7625,1,284
219,1,129
220,1,152
221,1,61
213,1,27
3500,3,3
210,1,5
211,1,97
2202,1,6
61,1,86
4800,1,-2
5667,1,5
5668,1,3
2741,1,4
4155,1,6
2587,1,16
3560,3,-4
6750,3,-32
1661,3,-1
4184,3,0
5691,4,-2
3400,4,5
5624,4,0
6810,3,-19
4892,3,-1
5231,3,-16
3635,1,1
6440,3,0
6441,3,0
2889,1,-2
2793,1,0
2794,1,0
2811,1,0
2875,1,0
2897,1,0
2772,1,0
7630,1,0
2841,1,-10
770,3,4
7224,4,0
7631,1,0
7631,4,0
7499,1,0
7466,1,159
5723,1,10
7635,1,222
1534,1,0
7632,1,0
7633,1,5
7634,1,0
6564,4,64
3996,4,1
7636,1,0
2319,1,-3
7637,1,6886
7638,1,0
7639,1,2930
5366,2,1
7640,1,155
5221,3,2
2145,1,-2
72,1,62
5967,1,36
7641,1,0
1844,1,-12
3001,2,1
215,4,35
3466,3,0
68,4,282
7642,1,1
7643,1,0
7644,1,0
7626,1,6
5378,2,0
2197,1,10
2184,1,16
2191,1,106
2193,1,44
7189,3,0
5618,3,1
5317,3,-5
181,4,2
7645,1,66
1273,1,3
7653,1,4
7652,1,43
7649,1,93
7650,1,1
7651,1,14
7654,1,118
7646,1,500
7647,1,0
7648,1,200
847,4,20
7655,1,0
2186,3,29
1444,4,-2
7656,1,16
7657,1,12
7658,1,-8
7659,1,2
7660,1,0
1600,1,-1
7349,3,-48
6814,1,-7
7662,1,0
7663,1,2
7664,1,0
1114,1,8
6633,3,2
6715,3,7
5022,3,3
7105,3,2
4479,3,19
7665,1,1
7142,3,0
218,4,5
2508,1,29
2976,2,0
3621,1,0
4649,3,3
1242,1,7
2509,1,10
2565,1,3
7079,3,1
2560,3,5
1028,3,8
544,3,-18
1529,3,-5
3201,1,0
7455,3,-26
849,3,4
7460,3,-2
7667,1,0
7668,1,0
7669,1,0
7670,1,0
7671,1,0
7672,1,0
7673,1,0
7674,1,0
7675,1,0
7676,1,0
7677,1,0
6049,4,-2
7678,1,10
7679,1,0
7689,1,69
7690,1,32
7691,1,2
7692,1,0
7693,1,0
7694,1,24
7681,1,32
7682,1,13
7683,1,5
7687,1,11
7688,1,20
7686,1,4
7680,1,0
7684,1,0
7685,1,3
305,1,25
306,1,7
324,1,25
4447,1,-1
4446,1,0
4445,1,0
4448,1,4
5650,1,1
7283,3,15
7696,1,0
7695,1,5
5766,3,-8
3413,1,0
7697,1,0
7698,1,0
7699,1,0
7700,1,0
7701,1,0
7702,1,0
594,1,5
586,1,12
579,1,4
570,1,6
211,3,35
4807,3,1
3486,2,0
7703,1,6
7712,1,0
7705,1,0
7706,1,0
7707,1,1
7708,1,0
7709,1,0
7710,1,0
7711,1,0
6844,2,6
3016,1,66.5
7713,1,0
7714,1,50
7715,1,0
7717,1,0
7718,1,0
7719,1,5
7716,3,-126
4413,1,1
4407,1,20
4393,1,23
4408,1,14
4398,1,6
4411,1,4
4404,1,13
4399,1,5
4401,1,25
7716,1,-232
7721,1,4
7722,1,14
7723,1,20
4392,1,0
4402,1,1
7168,4,10
7728,1,6
7727,1,11
7726,1,21
7725,1,26
7724,1,24
7729,1,0
1868,2,1
1089,1,-1
7730,1,37
7731,1,1
7732,1,15
4660,3,34
4648,3,26
1076,1,-2
5423,3,0
5134,3,-9
1253,1,-10
7734,1,11
7735,1,7
7736,1,20
7737,1,13
7738,1,1
7739,1,0
7740,1,0
7733,1,14
1274,1,18
1279,1,12
1168,1,19
1064,1,8
5651,3,8
7191,3,-2
4943,1,-8
7742,1,0
7170,1,0
7741,1,91
7330,3,16
1142,1,-2
1013,1,-1
1021,1,11
1259,1,0
1261,1,8
1260,1,0
969,1,5
968,1,1
966,1,1
7743,1,7
1097,1,1
7485,3,-2
6886,4,200
6885,4,0
6368,2,24
3023,2,1
223,2,3
5447,2,3
1909,2,5
6944,2,5
6930,2,1
1012,1,0
1065,1,29
1132,1,1
1143,1,0
3024,3,-1
1244,1,6
1232,1,3
1262,1,0
1074,1,0
1110,1,1
1171,1,-1
1167,1,1
4333,1,0
7330,4,11
2198,3,0
2184,3,0
2213,3,3
1276,1,0
1278,1,1
1280,1,1
1042,1,1
1031,1,217
7653,3,1
1166,1,12
1159,1,0
1049,1,2
1269,1,2
1036,1,0
1063,1,2
1062,1,1
1032,1,1
1162,1,0
3986,1,3
3014,1,51
2453,1,21.5
1677,1,10.5
1611,1,0
1614,1,-100
7343,1,100
1206,1,-3
1105,1,3
1051,1,20
7744,1,123.5
6661,1,0
7718,3,0
7717,3,0
7693,3,8
1160,1,10
6013,1,17
6021,1,43
1121,1,4
1133,1,0
1186,1,1
6342,3,-2
5011,1,-1
1138,1,0
7745,1,45
2445,3,-1
2907,3,5
3138,3,-3
4339,1,0
7328,4,-1
1083,1,3
7746,1,98.5
7747,1,139
5563,1,-1
1003,3,-1
1200,1,7
1113,1,2
1120,1,5
1129,1,3
6958,3,4
983,1,5
1135,1,11
1127,1,3
1041,1,3
1189,1,0
965,1,49
998,1,11
984,1,5
1128,1,5
7416,3,6
7617,3,-27
4150,2,0
7738,3,2
3878,4,0
1207,1,-2
5604,1,0
5662,3,1
1081,1,0
214,4,18
217,4,13
7694,3,40
5155,1,8
5273,3,4
5788,3,1
2266,3,8
2267,3,7
1012,4,0
7693,4,0
1065,4,0
1126,4,0
1081,4,0
7717,4,0
5561,1,36
3987,1,15
4865,3,1
4023,1,-10
6426,1,1
1282,1,-1
1029,4,0
1024,4,0
5128,4,3
4528,4,0
7631,3,4
7749,1,0
7750,1,64
7751,1,0
5089,1,1.7
1510,3,1
1386,1,0
7752,1,1000
7753,1,228
4009,1,0
4011,1,1
7211,3,7
3119,3,15
5342,3,0
7637,3,1200
5272,3,7
4024,1,8
4025,1,-8
7716,4,16
7417,4,11
5408,1,16
4032,1,18
4037,1,-1
6816,3,-4
4038,1,1
4039,1,0
4019,1,12
4022,1,0
4018,1,-1
4026,1,0
4027,1,0
4028,1,17
4031,1,4
4013,1,7
4012,1,0
4014,1,0
7764,1,21
7765,1,1
7766,1,1
7767,1,8
7754,1,200
7755,1,100
7756,1,-7
7757,1,-2.5
7758,1,2100
7759,1,1000
7760,1,10
7761,1,0
7762,1,88
7763,1,73
4017,1,7
990,1,5
985,1,6
1180,1,-11
1201,1,4
1199,1,4
7417,3,30
7197,3,2
1098,3,2
7542,3,1
5082,3,22
7645,3,7
1001,3,-8
3879,4,0
2793,3,-1
7175,3,0
3400,3,6
347,3,-1
3283,1,1
3752,1,0
7690,3,32
7488,3,0
2757,3,1
7768,1,1
7769,1,1
7770,1,18
2947,3,-20
5330,3,3
7523,3,4
4048,4,638
5923,3,5
5073,1,12
7771,1,-4
7772,1,0
251,3,-10
248,3,-10
4657,3,0
7773,1,0
7774,1,0
5977,3,-2
7775,1,143
7776,1,8
7777,1,-4
7778,1,9
6265,1,-2
1094,1,4
1080,1,2
279,1,139
250,3,-3
1045,1,0
1015,1,1
1112,1,0
1126,3,1
7253,2,1
6868,4,0
7295,4,15
7254,3,1
5290,3,15
5287,3,17
5288,3,13
4131,3,-100
7747,3,-183
7560,3,-32
396,3,-2
2877,3,-5
7185,3,-185
1800,3,27
7311,3,24
1012,3,2
4056,4,-302
3372,1,1
1828,2,1
297,4,0
299,3,-24
299,4,0
2244,4,26.94
6307,4,9
7300,4,5
1996,3,1
3228,3,2
6532,3,-2
2576,3,25
2578,3,50
240,2,8
3439,3,-2
4210,3,2
5813,3,-3
7689,3,30
7365,3,8
1282,3,-1
7061,4,63
7637,4,0
7638,4,608
5354,4,0
3198,3,-7
5958,3,17
7062,3,192
7636,3,-2
7781,1,20
3011,3,3
2809,3,-6
7782,1,0
7783,1,10
7784,1,3
1013,3,-19
7786,1,3
7787,1,0
7788,1,1
7789,1,3
7790,1,0
7791,1,100
7792,1,200
7793,1,2
7785,1,1
342,1,339
382,1,46
381,1,11
7798,1,0
7799,1,0
2837,1,0
7800,1,0
7794,1,47
7795,1,0
7796,1,45
7797,1,-2
1074,3,-9
211,4,27
238,4,-205
7801,1,-1
7802,1,-1
7803,1,0
3336,3,1
7733,3,5
4100,3,-11
4321,3,1
6856,3,-4
7626,4,1
3425,3,-1
7805,1,63
1173,3,-2
3232,4,11
2760,1,0
7805,4,0
2760,3,1
369,1,23
7805,3,1
3341,1,1
4031,3,-4
5668,3,-2
5143,4,4
7428,3,-11
90,4,5
1402,3,58
286,1,0
7809,1,0
7337,3,6
294,1,0
295,1,1
307,1,0
308,1,2
319,1,7
320,1,5
321,1,0
322,1,3
323,1,6813
5286,4,9
2188,3,-42
948,3,22
7251,3,2
3579,3,10
7467,3,6
4529,1,6816
7551,3,2
374,1,25
5791,1,0
5834,3,80
4499,3,-1
7810,1,-6
5429,2,2
1811,4,14
7269,4,0
7355,4,0
1249,3,-3
6649,4,0
5895,4,5
7781,3,20
6375,4,0
339,1,3
1154,3,0
3109,1,0
7811,1,0
7812,1,0
6811,3,-24
7813,1,-6
7288,4,0
7750,3,13
2594,3,0
2739,1,-2
3015,3,-3
2074,3,1
7656,3,12
3076,3,9
4985,3,14
3077,3,35
7782,3,0
7814,1,0
732,4,-9
4024,3,2
7612,3,28
4108,3,-12
354,4,5
338,4,5
7279,4,38
7278,4,84
5134,4,0
5013,3,-7
7804,1,0
7815,1,0
7815,3,0
7818,1,6
7819,1,0
7816,1,32
7817,1,5
7820,1,-1
3313,1,2
998,3,-1
3840,3,5
3132,3,-1
3738,3,0
7822,1,0
7823,1,0
7824,1,5
7821,1,0
1954,3,5
210,4,23
5898,4,-2
4687,1,0
7826,1,0
7827,1,309
7828,1,514.5
7829,1,516.9
163,1,2
6890,3,0
203,1,41
201,1,673
5343,4,1
1749,4,8
216,4,17
7638,3,1600
5287,4,14
1612,4,158
7830,1,0
7831,1,4
4218,1,0
7832,1,0
7833,1,16398
7834,1,6130
7835,1,10402
4791,1,8
4791,4,2
2537,1,6
1401,4,0
3016,4,-19
2557,1,0
7836,1,0
6110,1,0
7837,1,0
7838,1,1
7839,1,1
7840,1,4
7841,1,3
1728,3,-2
7746,4,0
7736,3,5
7827,3,-30.3
7842,1,0
7661,1,1
7843,1,13
7844,1,1
7845,1,5
7846,1,0
7847,1,8
7849,1,10
7848,1,10
7850,1,10
7851,1,0
7123,4,0
6730,4,5
7852,3,0
7853,3,0
3161,4,0
6785,3,-15
503,4,4
502,4,0
3250,3,16
7525,3,5
1140,3,-18
7860,1,9
7861,1,8
7862,1,0
7863,1,0
7864,1,1
7855,1,0
7856,1,2
7857,1,0
7858,1,84
7859,1,61
7865,1,0
2209,4,16
7792,3,-21
2587,3,5
6572,4,113
6767,4,68
6619,4,127
2948,3,-26
7859,3,14
7858,3,19
7857,3,5
7855,3,0
6372,3,0
7856,3,15
7866,1,6
7867,1,0
7868,1,13
7869,1,0
1138,3,1
7621,3,0
5495,4,14
6442,4,127
6269,4,280
3134,4,0
7857,4,5
7858,4,8
7859,4,5
7870,4,-1
1671,3,0
4987,3,-5
506,1,0
138,3,1
7620,3,0
7871,1,0
7872,1,-19
7873,1,35
7829,3,20.8
5509,4,0
5221,4,1
7873,4,11
7872,4,9
7873,3,23
7872,3,12
430,3,-2
7691,3,2
1153,3,8
1143,3,7
7875,1,-1
7876,1,9
7877,1,14
6651,3,2
3231,1,0
7878,1,120
7879,1,3
3105,3,56
6337,4,0
7103,4,3
3941,3,3
7526,3,4
995,3,-11
7163,3,94
908,3,-2
7138,3,0
194,3,-1
7247,3,10
6381,3,2
7886,1,2
5636,3,0
7887,1,0
7888,1,1
6565,3,-6
4422,1,0
5767,3,-4
1611,3,0
7402,3,0
7526,4,-1
3441,1,0
2704,3,0
5321,3,3
6556,3,-11
5927,3,20
2444,1,2
6560,3,-5
7056,3,-2
7888,3,-2
2859,3,10
7890,1,0
7889,1,40
7409,4,0
7890,4,4
173,3,3
7640,3,28
4607,4,0
7885,1,-127
925,2,4
3864,3,-26
7827,4,34.5
1924,3,15
3774,3,12
1687,3,300
7892,1,2
7893,1,0
7894,1,0
7896,1,18
7897,1,23
7898,1,10
7895,1,0
1356,3,4
1322,3,4
1356,4,-2
1322,4,-2
658,3,34
507,3,-5
5106,3,0
7899,1,17
7900,1,4
507,4,8
509,4,17
5106,4,0
658,4,2
6550,4,4
4918,4,0
5288,4,16
5955,3,-6
5521,3,0
7363,3,0
7901,1,22
7902,1,15
4394,3,-1
4670,4,50
3158,4,-13
4698,4,50
7901,4,3
7902,4,7
6594,4,4
3995,4,4
3994,4,0
5610,4,5
3997,4,4
613,3,3
7901,3,4
7902,3,6
7871,3,21
2441,3,2
7903,1,3550
7904,1,30
7905,1,0
7906,1,42
7907,1,400
7909,1,20
4473,3,3
7184,3,23
3935,3,1
7273,3,15
7828,4,38
7828,3,1
3799,3,-11
7911,1,18
7910,1,0
5252,4,0
5252,3,0
7833,3,990
752,3,-1
3177,4,442
7836,3,6
7623,3,5
219,4,7
53,3,11
5635,1,4
2164,3,1
4659,1,0
3075,3,-2
6375,3,0
7394,3,-1
4003,1,39
4005,1,0
4674,1,0
4695,1,27
7912,1,55
7913,1,2
7914,1,1
7915,1,91
7916,1,0
7917,1,18
7918,1,7
7919,1,2
2501,1,-6
7032,3,-1
7644,3,-2
4695,3,15
3109,4,1
946,3,21
7920,1,0
7921,1,0
6480,4,8
7623,4,3
3243,1,17
7252,3,1
7447,3,3
3110,3,0
4664,3,100
619,1,0
6286,3,-3
3508,3,3
7315,3,8
1705,4,322
7639,3,400
4211,3,2
7703,3,-1
6938,3,1
641,2,2
648,2,25
1345,2,7
7922,1,0
7923,1,0
7891,3,-30
7924,1,0
7925,1,2
7926,1,52
7927,1,-1
5634,1,13
5633,1,16
1667,1,6
1660,1,4
1620,1,14
1661,1,4
1662,1,4
1666,1,1
1624,1,10
1627,1,4
1647,1,8
439,4,21
5895,2,2
7026,3,3
3016,3,0
468,1,480
462,1,190
419,1,-2
421,1,3
7934,1,1
7929,1,0
7930,1,0
7931,1,0
7932,1,0
7933,1,1
7928,1,-23
7935,1,0
7936,1,-1
7937,1,0
7938,1,1
7939,1,0
7940,1,2
7941,1,4
3175,4,168
7927,4,3
2587,4,10
7922,4,1
7923,4,0
6847,4,0
464,1,46
458,1,182
459,1,3
417,1,3
7942,1,3
7943,1,2
7944,1,-1
7945,1,2
7946,1,1
7947,1,16
7948,1,4
7949,1,5
7950,1,2
7951,1,0
2565,3,-2
7800,3,-1
1119,3,-5
7874,1,-2
5518,1,-3
7952,1,0
7953,1,3
2187,3,-4
7692,3,2
1896,4,14
7956,1,0
7957,1,-5
2251,1,7
7834,4,-98
2252,1,12
2253,1,20
2255,1,3
2256,1,6
2258,1,10
2276,1,-3
5949,3,-6.5
7958,1,8
7959,1,7
7960,1,38
7961,1,102
7962,1,38
7963,1,-1
7964,1,-4
7539,3,0
7560,4,-1
7553,3,-8
1296,4,162.5
6004,4,29
5425,3,11
7965,1,30
7966,1,0
6567,3,4
7943,3,0
7942,3,-1
1905,4,0
7953,4,0
6270,4,347
1666,3,1
7083,3,3
7944,3,0
7226,3,-23
6843,3,57
7175,1,-185
7278,2,2
7274,2,1
7048,2,3
1952,2,2
6462,4,7
7945,3,4
7968,1,2
7969,1,-1
7970,1,1
7971,1,0
490,1,26
6635,3,-2
560,3,1
3159,2,11
5118,2,11
7731,3,0
7972,1,-85
7973,1,0
4044,2,3
5637,2,1
873,2,9
874,2,1
7927,3,2
4064,3,5
7951,3,0
7950,3,1
7949,3,4
6767,3,-328
1297,3,0
2225,2,15
216,2,4
7974,1,20
7975,1,1
212,4,11
5614,1,1
5925,1,0
5926,1,0
5923,1,23
5617,1,12
6357,1,0
4001,1,0
211,2,0
1446,2,4
7977,1,0
7978,1,24
7976,1,0
5926,3,0
7632,3,1
7284,3,0
7979,1,32
7980,1,3
7981,1,14
6062,1,0
7466,3,-128
165,3,46
7923,3,2
7982,1,0
4702,1,-3
7982,3,0
4797,3,1
4119,3,190
7168,3,-12
5142,4,4
6666,3,0
7983,1,29
7515,4,9
5573,4,10
7517,4,9
7516,4,10
7514,4,10
5488,2,12
5510,2,38
1154,4,0
6313,4,0
5624,3,4
568,3,3
7334,3,-1
401,1,8
405,1,4
396,1,3
7985,1,1
7984,1,4
7986,1,-1
7987,1,0
2595,3,0
7967,1,0
7743,3,-6
7338,3,15
7740,3,1
6674,3,0
7217,4,6
1412,2,694
4749,2,2
7993,1,8
7994,1,10
7995,1,15
7996,1,5
7997,1,0
7998,1,16
7999,1,35
8000,1,75
7988,1,4
7989,1,3
7990,1,11
7991,1,30
7992,1,12
3055,3,-1
6337,2,1
3106,3,-3
1783,3,20
8001,1,4319.5
7316,3,1
8004,1,57
8002,1,3
8003,1,15
5165,3,0
8005,1,2
8006,1,1
1128,3,-21
8007,1,64
1469,1,-1
7870,3,-2
8008,1,13
8009,1,29
8010,1,0
8011,1,0
1026,3,11
7946,3,0
7947,3,2
7945,4,0
1818,3,1
7634,3,1
7621,4,2
1138,4,0
8004,4,6
7876,3,14
2857,1,0
8012,1,0
2982,2,1
996,1,-1
6006,1,1
6008,3,7
5230,3,24
2461,3,-1
5471,3,-3
785,3,2
7737,3,6
3214,3,0
4039,3,-4
6638,3,-1
6462,2,21
5796,1,288
4677,2,28
8006,3,0
7137,3,1
4024,4,4
6870,4,1
6871,4,-1
123,2,3
6649,2,1
3859,2,1
6496,2,3
1818,4,0
6318,4,0
8013,1,1
7333,3,-1
7903,3,400
7704,3,0
8022,1,16
8023,1,1600
8024,1,0
8025,1,3
8026,1,0
8027,1,149
4663,1,-9.5
3108,3,-5
5881,3,25
2550,3,-5
4529,3,-214
2546,3,-1
7967,3,3
4526,1,2054
4527,1,-100
7503,3,6
525,4,7
528,4,7
7348,3,-1
7609,3,-1
5873,3,4
5959,3,0
1824,3,1
6245,3,0
3614,3,0
8028,1,2
8029,1,2
6856,2,1
7948,3,2
4671,1,0
8030,1,49
8031,1,0
5544,3,3
7250,3,0
5614,4,0
5933,4,1
5392,4,4
7039,4,0
7718,4,0
74,4,19
1610,1,0
3530,1,0
3533,1,0
2192,3,-2
8014,1,3
8015,1,-2
8016,1,0
8017,1,0
8018,1,0
8019,1,0
8020,1,1
8021,1,1
8032,1,0
3133,1,-1
2863,3,12
812,2,3
7397,3,-3
4214,1,2
1206,3,2
7935,4,0
8033,1,0
8034,1,42
8037,1,0
8038,1,26
8039,1,18
8040,1,23
4673,1,31
8035,1,0
8036,1,33
7928,3,0
7518,3,9
8041,1,5
1401,2,1
2271,1,4
5348,3,7
7218,3,4
1192,3,-1
6497,2,2
501,1,8
451,1,12
450,1,13
441,1,2
443,1,25
505,1,-1
495,1,17
8028,4,0
8029,4,0
2908,3,6
1041,3,-3
7811,4,0
7218,4,0
1214,3,-1
996,3,-3
8042,1,-2
8043,1,1
8044,1,3
8045,1,5
8046,1,4
7025,3,2
6397,3,-3
2856,3,-1
5056,1,0
7230,3,-3
8047,1,5
3583,1,0
8028,3,3
8029,3,3
6429,3,0
3655,3,0
3891,3,4
6802,3,-2
2464,4,31
8048,1,0
8049,1,-1
3912,3,0
6825,3,12
7908,1,-4
7734,3,5
7881,1,71
7882,1,40
7883,1,16
8050,1,1
3040,1,0
8051,1,38
7924,3,3
7697,3,0
3977,1,58
8053,1,91
8054,1,43
8055,1,87
8052,1,76
5837,3,8
6251,3,-2
4714,3,0
4834,3,0
8051,3,14
7521,3,19
8056,1,6
66,3,1
845,3,25
677,3,-1
3887,2,2
1785,4,8
55,4,18
7899,4,3
7896,4,12
7184,4,15
7330,2,1
335,3,-3
6790,3,0
2557,3,1
804,2,1
1740,2,1
7319,3,100
3857,2,1
5405,2,1
3422,2,2
2726,2,2
50,2,3
1304,2,2
3991,2,6
7896,3,9
4155,3,9
7880,1,4
1885,3,-6
7466,4,-4
1613,3,0
8057,1,47
8057,3,16
3620,3,-1
7754,3,0
1189,3,-6
7242,1,-4
8058,1,378
7234,1,0
7400,3,2
7126,3,0
6979,3,-1
6276,2,6
7256,2,1
3328,2,1
6715,2,4
674,2,29
671,2,128
667,2,24
7061,2,50
3886,3,-1
5371,2,200
8059,1,63
1111,3,0
7318,3,0
8051,4,0
3596,4,7
5783,2,1
5308,2,1
7415,3,-1
7922,3,3
4213,3,1
1908,4,10
1910,2,1
1926,2,3
4213,2,1
810,2,4
2937,1,30
1473,1,-1
2914,2,3
1516,3,-2
8060,3,24
8064,1,11
1335,3,2
4548,3,-2
5460,2,2
1139,1,-1
8065,1,80
8066,1,6
8058,3,102
7326,3,0
1009,1,-1
5381,4,2
1240,3,-3
5901,3,-5
7812,4,-1
7944,4,0
8066,4,0
6847,2,3
3073,2,1
8068,1,1
8069,1,10
8070,1,0
8071,1,0
8067,1,1
5991,3,-5
2546,1,0
8072,1,500
8073,1,2
8074,1,0
8075,1,38
8076,1,0
8077,3,-14
7899,3,6
8078,1,0
5417,3,0
6218,3,0
7303,4,7
6933,3,1
8067,4,0
1246,3,-2
8079,1,47
8080,1,14
8081,1,0
8082,1,1
8083,1,0
8084,1,3
8085,1,7
2459,1,-20
1509,3,0
5815,3,2
8005,3,3
5946,3,1
5318,3,1
5947,3,-3
7306,3,0
7305,3,-6
5599,3,1
6336,3,7
7520,3,22
660,2,221
36,2,8
244,3,-4
8086,1,0
2932,3,-3
8088,1,19
8087,1,0
5929,3,-2
8089,1,0
8090,1,0
8091,1,0
8092,1,2
7834,3,900
8093,1,0
8094,1,1
8095,1,2
8096,1,0
8097,1,1
8098,1,0
8099,1,8
2216,2,14
5289,4,10
8080,3,8
8081,3,0
7140,3,5
6883,3,2
2195,3,-2
8067,3,29
4726,4,5
5445,4,9
8090,4,0
8093,4,1
8101,1,12
8102,1,10
7983,3,12
7406,3,13
8106,1,0
8104,1,4
8105,1,0
7321,3,2
1233,1,-2
4381,2,1
6003,1,-1
5125,3,-1
5879,3,20
5947,4,0
8052,3,21
8053,3,23
8054,3,19
7598,3,2
7599,3,5
5232,3,-2
6202,3,-2
8107,1,0
8108,1,7
8089,3,0
6849,3,0
6774,3,0
6282,3,0
7952,3,0
3890,3,1
8109,1,0
4490,3,2
8110,1,4
8111,1,1
3317,1,5
7401,3,0
8111,3,2
8110,3,5
8109,3,0
6073,3,9
8108,3,7
8112,1,0
8113,1,0
7543,3,14
5081,3,22
3168,3,8
8094,3,0
3240,1,43
7635,3,-52
2212,3,3
4179,3,0
1296,3,-253
8116,1,93
8117,1,50
7292,3,8
1070,3,13
362,3,9
8118,1,607
7522,3,0
8116,3,22
8117,3,33
8107,4,0
8119,1,0
8120,1,0
8121,1,0
8122,1,17
8123,1,0
8124,1,7
8125,1,71
8107,3,0
7281,3,12
5421,2,0
6871,2,10
261,2,39
4027,3,-2
375,3,70
8126,1,0
8127,1,-3
8128,1,-3
8129,1,-1
8130,1,-1
8131,1,71
1933,3,1
1243,3,1
3729,3,3
8132,1,0
3233,3,-31
6822,3,14
6821,3,2
7310,3,10
7309,3,3
2755,3,-3
1257,3,5
8133,1,0
8134,1,0
8044,3,0
1134,3,-4
7430,3,-2
6902,4,-2
3105,4,7
19,4,0
5045,4,19
6048,3,0
5193,3,49
6907,3,-1
1905,2,4
2764,2,13
8135,1,6
8136,1,8
8137,1,0
6837,3,-1
1273,4,0
1669,4,7
144,4,0
4609,2,8
2205,2,4
365,2,14
8138,1,-2
2866,3,-2
7843,3,-28
4823,3,0
6641,4,-1
1811,2,504
7155,2,4
7156,2,18
7588,3,591
5547,3,-1
8004,2,1
7935,3,5
7084,3,23
8139,1,0
8140,1,2
8141,1,3
8142,1,0
5934,3,0
6328,3,1
8139,3,0
5338,3,0
1451,2,1
5807,2,1
3232,3,-31
8143,1,0
8144,1,7
8145,1,0
8146,1,0
8147,1,2
8148,1,-11
6980,3,-1
5013,2,1
2287,3,-3
8150,1,0
8151,1,0
8152,1,0
8153,1,-1
8149,1,-1
8154,1,6
8155,1,0
1386,3,0
2938,1,21
2938,2,1
279,2,12
934,3,-1
653,2,2
5821,2,4
852,3,9
2283,3,-1
8155,3,0
7874,3,-8
4334,3,-2
5701,3,0
519,3,-4
8156,1,0
8157,1,0
1127,3,-8
7898,4,5
8159,1,61
8160,1,3
8161,1,-6
8162,1,0
2944,1,7
2918,1,12
2919,1,14
2920,1,1
8163,1,6
8164,1,2
8165,1,0
1420,3,-1
1185,3,-3
198,4,0
152,2,5
8167,1,0
8159,3,1
8165,3,0
3239,3,3
8167,3,7
1650,1,0
6897,4,841
207,4,177
39,2,2
192,2,23
8166,3,7
184,2,31
191,2,49
446,2,3
5196,3,2
1669,3,15
8169,1,0
673,2,300
5839,3,-1
1518,2,3
8170,1,4
8171,1,18
5143,2,2
8172,1,-90
195,4,78
5946,4,0
5923,4,0
3734,3,2
7561,3,-7
8173,1,0
8174,1,2
8175,1,0
8176,1,18
8177,1,3
8178,1,0
8179,1,238
8180,1,0
8173,3,0
8174,3,0
8175,3,0
8181,1,1
8182,1,14
8183,1,56
8184,1,1
8141,4,0
3833,4,-1
8155,4,0
8175,4,0
7220,1,174
8185,1,4
7739,3,0
8186,1,0
1160,3,-6
1618,3,-3
8187,1,6
8188,1,0
8185,3,0
896,3,2
7775,3,27
2082,3,-1
5528,1,-1
8189,1,0
7926,3,0
5586,3,-1
8168,3,116
8190,1,0
8191,1,0
8192,1,0
8193,1,0
8194,1,0
5366,3,-21.4
1220,3,-2
6688,3,-1
285,1,0
8196,1,16
8197,1,14
8198,1,12
8199,1,59
8200,1,0
8201,1,16
8202,1,0
8203,1,10
8204,1,0
6599,3,16
8205,1,0
8206,1,0
3396,3,0
2932,4,8
3892,3,10
89,1,-1
494,1,30
513,1,299
510,1,58
8195,1,-4
8001,3,474.75
7036,3,0
3258,1,1
7926,4,2
3805,4,0
527,4,6
7119,4,0
7118,4,0
7121,4,0
7120,4,1
7174,3,11
1083,4,0
2336,4,0
7174,4,9
7518,4,0
7521,4,0
3781,4,2
8192,4,1
8208,1,0
3805,3,4
7172,3,3
7173,3,12
8192,3,1
524,4,13
8209,1,0
8210,1,0
8211,1,0
4899,1,0
1705,3,293
2003,3,-1
8100,1,2
6214,3,2
2319,3,-2
8069,3,6
1083,3,3
5396,3,1
5553,2,1
6354,2,5
3444,3,-6
6922,4,-45
8212,1,8
8213,1,12
8214,1,0
6198,1,10
8215,1,2
5994,1,2
8221,1,0
8222,1,0
8223,1,0
8219,1,0
8220,1,5
8218,1,1
8217,1,0
8216,1,0
8224,1,1284
8223,3,0
8219,3,1
8220,3,3
8218,3,7
8217,3,0
1850,4,15
3774,4,12
4604,2,1
498,2,6
2933,2,3
144,2,5
6487,2,0
1299,2,5
8224,3,252
2951,1,17
2952,1,4
2911,1,49
2902,1,19
2903,1,23
2904,1,7
2066,1,4
8227,1,1
8225,1,3
8226,1,-1
520,1,176
8228,1,0
8227,3,4
1908,3,27
8225,3,4
8232,1,-6
2066,3,2
8229,1,-10
6262,3,-2
7418,3,-3
8233,1,0
8234,1,0
5520,1,-1
6730,3,5
7771,3,4
7589,3,794
7587,3,-12
7590,3,297
8226,3,0
5394,3,16
5143,3,4
1631,3,-2
8235,1,31
7432,3,1
8234,3,-1
3404,3,-1
7493,3,-13
3404,1,0
8230,1,-10
6593,2,11
3994,2,4
8237,1,1
8238,1,0
8236,1,176
8239,1,0
7771,4,0
6313,2,1
3247,3,3
8138,3,3
8240,1,0
8241,1,251
8241,3,42
7088,3,8
7089,3,17
7090,3,18
7082,3,10
7080,3,13
57,4,5
4799,3,2
4142,3,-55
7643,3,1
5834,4,39
7308,4,4
8161,3,1
8049,3,0
2935,4,11
4797,4,-1
6572,3,65
8242,1,24
8068,3,-3
1681,3,-3
8244,1,0
8243,1,0
6473,1,1
4162,3,0
7624,3,3
8240,3,0
8243,3,3
5288,2,0
8245,1,0
8245,3,53
7120,3,1
7121,3,0
7118,3,0
7119,3,13
7975,3,0
5924,3,-10
7210,4,0
6486,4,0
393,1,32
6211,1,0
1879,1,5
2479,1,1
8246,1,11
7114,3,17
7323,3,8
8163,3,2
7085,3,11
3977,4,0
2051,3,1
1981,1,-1
1981,3,1
2143,3,4
7605,3,1
7604,3,2
7607,3,0
7606,3,-1
6335,3,3
7236,1,0
7241,1,19
2455,1,142
8247,1,162
8249,1,18
8248,1,34
8250,1,18
3511,3,-2
8228,3,1
7519,3,18
8251,1,10
8252,1,3
8253,1,4
8254,1,0
8255,1,23
8256,1,16
8257,1,4
1627,3,-1
231,3,-3
5535,4,13
2442,1,265
2480,1,18
3385,1,7
8261,1,8
8260,1,-8
8264,1,57
8263,1,10
8262,1,6
6433,3,29
7934,3,-1
8265,1,44
438,4,9
8164,3,2
7900,3,5
7500,3,0
8266,1,40
6566,3,-2
8269,1,0
8270,1,0
8268,1,0
8267,1,0
8271,1,4
8272,1,16
8273,1,146
8274,1,123
3175,3,723
8275,1,9
3585,2,7
7341,3,100
2816,1,9
2819,1,8
2817,1,10
8277,1,20
8278,1,10
8276,1,29
4798,1,2
8025,3,-3
5324,4,42
8279,1,0
8280,1,0
938,1,4
58,2,1
5324,3,1
3112,2,28
8281,1,33
8282,1,-3
8283,1,0
8284,1,0
2177,2,0
2308,1,2
6974,1,0
6975,1,0
6976,1,0
8285,1,6
3645,1,72
5731,1,42
5786,1,34
8281,3,16
8283,3,1
8012,4,0
6976,4,0
6975,4,0
8286,1,-1
872,3,10
5377,2,1
7944,2,1
715,3,0
5791,2,26
6974,2,3
6070,2,27
6068,2,11
6069,2,5
332,2,4
7323,4,9
8165,4,0
7405,4,4
3107,4,12
6241,3,-1
1247,3,-6
4695,4,9
1934,3,-1
8287,1,0
4060,2,881
6091,3,-1
7289,2,4
4672,3,50
4670,3,100
796,3,-14
3143,2,1
7880,3,1
8288,1,0
4152,2,50
4151,2,130
8289,1,0
2292,1,1
2283,1,2
6234,1,2
6236,1,0
6202,1,0
8290,3,0
3342,3,2
6268,2,51
4147,2,260
7832,3,-1
2821,1,0
2822,1,0
2824,1,0
1251,1,-1
6033,1,-1
3940,4,13
4775,2,1
4193,1,24
7825,1,12
4180,1,6
5002,1,2
4993,1,2
5000,1,2
5006,1,12
4175,1,5
2821,3,16
2822,3,37
2824,3,28
1011,3,-3
8259,1,0
4196,1,5
7898,3,5
3389,1,3
7806,1,-2
3819,3,-2
8291,1,0
8292,1,7
8059,3,16
8055,3,18
3040,4,4
5097,4,2
5072,4,4
8294,1,-23
8293,1,0
8295,1,-4
8296,1,0
8297,1,0
8298,1,0
8299,1,0
8300,1,12
8301,1,29
8302,1,0
798,4,4
612,4,7
8303,1,0
3910,3,3
7920,4,0
4023,4,5
1864,4,1
7249,4,0
6666,4,0
7634,4,0
8242,4,0
6775,3,1
5011,3,8
7271,3,1
1923,2,6
336,2,70
8072,3,100
8242,3,7
7715,3,100
7208,3,1
2643,3,-1
7715,4,46
2589,4,13
1742,1,-3
8304,1,0
8305,1,0
8306,1,0
3313,3,-1
2961,3,1
988,3,3
3431,1,-1
8006,4,0
8286,3,0
6349,3,-1
7585,3,-1
3355,1,1
8307,1,2
8107,2,1
1360,2,3
706,2,4
5730,2,6
5418,2,1
7167,1,12
612,2,0
7298,2,2
7546,3,3
2245,2,40
6577,3,525
7812,2,1
526,4,4
8236,4,10
3150,3,0
7862,3,7
3225,3,48
4423,3,-22
4425,3,-4
8310,1,-1
8311,1,1
1120,3,-3
7875,3,-3
8055,4,12
8165,2,1
253,2,50
8158,1,1
219,2,1
3119,2,37
4117,2,29
8312,1,7
8313,1,6
8314,1,2
8315,1,1
8311,3,5
8310,3,1
5546,3,0
7357,3,1
8315,3,0
6508,3,0
6511,3,2
8312,3,5
8313,3,0
8314,3,2
6524,3,6
3813,3,5
8316,1,0
8311,4,2
8310,4,4
8236,3,11
8317,1,-1
7217,3,1
7091,3,4
926,4,0
8301,4,0
8318,1,0
8319,1,0
8320,1,0
8321,1,0
8322,1,2
8323,1,0
8324,1,0
8325,1,0
8321,3,-19
8322,3,61
8323,3,-4
8325,3,-7
8324,3,14
8320,3,0
8319,3,2
8318,3,1
67,2,45
8301,3,0
8332,1,13
8333,1,0
8334,1,52
699,1,-2
700,1,3
701,1,0
702,1,0
703,1,0
8335,1,2
8336,1,4
8337,1,3
8338,1,-1
8339,1,8
1017,3,-4
8327,3,-55
703,3,-11
701,3,1
702,3,10
8340,1,25
8138,4,4
8341,1,6
270,2,15
209,2,0
2203,2,7
37,2,21
5685,2,1
3674,2,2
5264,2,3
7110,3,6
7300,3,6
5294,3,8
8342,1,13
8343,1,1
8331,3,-8
4497,2,1
8344,1,0
8345,1,0
8346,1,0
8330,3,-26
5238,4,47
8060,4,5
5481,4,7
5482,4,10
7336,4,21
3908,4,5
2883,1,-20
8347,1,0
5802,3,1
2813,3,-1
941,1,0
5366,1,3
5556,1,1
7847,3,2
8348,1,0
8349,1,0
8350,1,0
8351,1,0
8352,1,1
8353,1,0
8071,4,0
7515,3,-16
5652,2,2
8356,1,2
8357,1,0
8358,1,0
8359,1,0
8354,1,0
8355,1,0
2787,4,20
8358,3,0
8359,3,0
8357,3,-1
1899,2,1
7104,2,1
6250,3,1
8216,3,3
6792,3,-4
8358,4,0
8359,4,0
3772,3,-3
8361,1,0
4051,3,2
8362,1,7
3071,3,5
8361,3,0
4608,2,19
2269,3,4
2260,3,7
2261,3,3
2279,3,3
2262,3,5
2263,3,12
2272,3,5
2264,3,1
2273,3,9
8363,1,27
8364,1,0
8365,1,0
5613,3,0
8366,1,0
8367,1,0
8363,3,3
7414,3,2
8360,1,-7
2750,4,0
8368,1,110
29,1,3200
8368,3,10
8155,2,1
8369,1,26
7978,3,38
6832,4,-3
105,1,0
8326,3,-15
6361,3,0
7842,3,0
3256,1,3
3264,1,5
8248,3,-1
3297,1,18
3257,1,3
3295,1,1
3293,1,1
5980,1,1
8029,2,3
8370,1,1
4468,3,0
8292,3,8
1919,3,1
3828,2,2
2895,2,3
3842,3,7
347,2,40
7859,2,0
7150,2,-2
1334,2,0
707,2,0
7217,2,0
3803,4,10
3953,2,4
2879,3,-3
2956,2,1
8348,3,3
107,4,2
109,4,5
3628,4,0
5142,2,1
8344,4,1
2200,2,16
8373,1,159
8375,1,0
8374,1,0
8376,1,2
1976,1,0
8377,1,0
2092,1,0
8378,1,0
8379,1,0
8380,1,0
8374,3,0
8375,3,16
8378,3,0
2092,3,0
8377,3,2
8381,1,1
8382,1,2
8383,1,0
8375,4,8
8181,3,1
2609,3,-1
8384,1,0
5820,2,1
206,3,0
8385,1,55
8386,1,-1
6959,3,4
6804,2,1
8386,3,0
6032,3,10
5431,2,1
4130,3,-21
8387,1,1
8388,1,14
5028,1,47
8389,1,0
6094,3,1
8389,3,0
8390,1,-2
8391,1,149
8392,1,0
8393,1,0
8394,1,0
8395,1,0
8396,1,13
8397,1,0
8398,1,0
8399,1,0
8400,1,0
8401,1,0
8402,1,3
8403,1,4
8404,1,0
8405,1,0
8406,1,0
8407,1,5
8408,1,0
8409,1,0
8410,1,0
8410,3,0
8409,3,0
8408,3,0
8401,3,1
8400,3,3
8398,3,2
8392,3,1
8397,3,0
8403,3,2
8411,1,0
6874,4,0
8411,3,4
8404,3,3
8402,3,4
8407,3,0
8390,3,-12
8405,3,1
8406,3,0
8391,3,13
3001,3,-1
7113,3,9
8410,4,0
8409,4,0
8408,4,0
8398,4,0
8397,4,0
8399,4,0
8405,4,1
8406,4,0
8389,4,0
8401,4,0
7099,4,1
8400,4,2
8393,4,1
8395,4,1
8394,4,1
8407,4,0
8391,4,15
8390,4,0
8403,4,7
8402,4,3
8404,4,8
8392,4,0
1976,4,1
2092,4,3
1151,3,-10
1122,3,-2
8378,4,0
6586,3,5
2558,2,2
7778,4,-42
7778,2,42
854,2,18
7055,2,198
5947,2,0
2482,4,165
2483,4,2
8412,1,-2
3390,1,5
8413,1,0
8414,1,0
8415,1,54
8416,1,8
8417,1,746.5
8418,1,1
6446,3,29
5069,2,21
8419,1,0
6793,3,1
7689,4,5
7772,3,2
1273,3,3
6293,3,1
19,3,1
7406,4,13
4855,3,4
4745,3,0
7689,2,3
1368,3,-1
5055,3,6
8420,1,0
4423,2,1
8421,1,0
8422,1,4
8423,1,7
8418,3,2
7905,3,0
7405,3,11
61,4,22
8424,1,0
3054,3,0
8423,3,2
8422,3,6
8421,3,6
6634,3,5
2350,3,0
8371,1,-2
8370,3,2
7167,3,0
5619,3,16
8294,4,0
929,3,0
3841,3,8
4204,3,-1
8411,4,6
3362,1,1
3367,1,4
2645,1,1
7186,3,685
2715,2,9
6830,4,2
6454,1,0
7905,4,0
8361,4,0
7624,4,1
1413,4,500
6634,4,6
8422,4,6
8421,4,3
1829,4,0
8185,4,0
8282,4,0
8281,4,1
8342,4,3
6206,4,5
7500,4,0
7900,4,0
6927,4,51
7519,4,13
7311,4,9
7633,3,-4
6958,2,0
7205,1,-9
3223,3,1
7562,3,-17
1238,3,-1
6292,3,-1
8425,1,22
8426,1,4
8426,3,7
8425,3,8
6454,3,1
4367,1,0
4369,1,0
4368,1,0
4371,1,0
1759,3,-32
8427,1,0
4368,3,0
4371,3,0
4367,3,5
4369,3,3
7618,3,1
7335,3,6
7277,3,4
7511,3,6
8154,3,4
607,1,11
6116,1,0
4368,4,3
4371,4,-1
6850,4,2
4644,4,12
4367,4,9
4369,4,0
7618,4,0
1143,4,0
7015,4,2
7277,4,0
4372,4,0
608,1,15
610,1,79
7781,4,25
8428,1,13
5801,3,3
8429,1,7
8430,3,-5
7870,1,12
1369,3,1
8058,4,26
8303,3,0
2224,2,10
8432,1,3
7884,1,24
8433,3,-74
4109,3,620
6676,2,-1
4163,1,3
5644,2,-1
5646,2,-1
3830,2,1
7184,2,2
7303,2,-2
5493,2,-1
5205,2,-2
5207,2,2
2505,2,2
2499,2,10
2516,2,-3
5348,2,4
8434,1,22
7707,3,1
8434,3,8
5286,2,-1
6761,2,1
6870,2,4
410,3,-1
5986,2,2
8295,3,3
6426,3,-12
4094,3,0
3867,2,1
789,3,5
5691,2,-23
1810,2,8
2885,3,2
3200,3,5
8231,1,-6
3823,3,18
8435,1,0
8436,1,0
8437,1,1
4385,1,1
8438,1,0
8439,1,3
8440,1,20
8441,1,3
8442,1,0
8439,3,0
8438,3,1
4385,3,1
8437,3,3
8436,3,1
8443,1,-20
4019,3,-2
8007,3,16
8100,3,0
7851,3,2
626,3,-1
8444,1,1
296,3,121
7811,3,0
5407,3,1
2883,3,-2
8445,1,0
8446,1,34
8447,1,40
8448,1,0
8449,1,6
8450,1,0
1817,4,2
771,4,1
5835,4,98
8000,3,18
3114,2,1
840,2,-1
5983,2,2
2638,2,2
2593,2,4
2648,2,2
2635,1,12
8451,1,0
1039,3,-5
2978,1,0
2955,3,1
2970,3,1
2969,3,0
2978,3,1
7806,3,0
2954,3,0
2983,3,0
2968,3,1
3584,2,1
5015,3,12
387,2,10
384,2,-8
385,2,1
359,2,-9
5274,2,-50
8453,1,71
8454,1,8
6355,3,0
7717,2,1
8453,3,29
3597,1,0
3597,3,-1
8455,1,0
8456,1,0
8457,1,0
8458,1,0
8459,1,0
8460,1,0
3440,3,-3
4790,2,5
8452,1,-20
8461,1,6
8462,1,0
8463,1,1
8462,3,0
8464,1,9
8465,1,6
8466,1,0
8270,3,-2
351,2,2
355,2,1
330,2,2
1442,2,1
5936,3,3
5209,3,0
8259,3,3
1454,1,-3
8247,3,-5
5324,2,2
3154,2,-1
7772,2,0
7772,4,0
72,4,5
2212,4,4
220,4,4
2917,2,1
2913,2,1
6591,2,5
129,3,3
3197,2,8
7196,2,5
3106,4,5
5148,2,-3
743,2,-2
741,2,2
4975,3,0
8468,1,0
691,3,1
8469,1,10
8470,1,26
8448,3,0
8471,1,13
8472,1,10
8473,1,5
8474,1,4
862,2,0
6884,3,-2
8475,1,0
8476,1,15
4798,3,2
8050,3,3
5496,2,2
7782,4,0
8477,1,9
8478,1,0
8479,1,-2
7263,2,6
5123,2,86
5746,2,-1
3263,3,-1
8477,3,10
8478,3,0
8479,3,1
8480,1,8
145,2,-2
150,2,1
146,2,5
141,2,-6
8481,1,597
8482,1,115
8483,1,0
8484,1,0
8485,1,0
8486,1,0
3704,2,-1
3705,2,1
5609,2,4
8484,3,1
8486,3,1
8485,3,2
8142,3,3
4946,4,2
895,2,1
8487,1,0
8488,1,1
8489,1,0
12,3,2
5955,4,0
8490,1,2
8491,1,0
2785,2,2
8489,3,34
4682,1,257
4947,4,1
7952,4,0
6338,4,4
7907,4,50
3716,3,5
7364,3,31
6206,3,5
7046,3,3
6289,1,-5
8493,1,0
8494,1,1
8495,1,0
8496,1,0
8497,1,0
8498,1,0
8499,1,0
8500,1,0
8501,1,16
8492,1,116
8502,1,0
8503,1,2
8504,1,0
6473,3,3
8504,3,0
8493,3,5
8494,3,0
8495,3,1
8496,3,0
8497,3,0
8498,3,1
8492,3,-3
8499,3,3
8500,3,0
8501,3,5
8503,3,3
8505,1,1
8505,3,0
8342,3,0
4702,3,-1
7579,3,0
7507,3,-13
5906,3,-2
847,2,4
8507,1,1
3568,3,-1
8508,1,30
8509,1,0
6121,3,-32
7059,3,6
8508,3,10
8509,3,-23
503,3,-15
112,2,-3
3102,3,-1
4661,3,82
7219,3,-2
8510,1,0
5883,3,0
8511,1,0
4863,3,0
8512,1,0
5409,2,0
6093,3,2
885,4,-1
8439,4,0
8329,3,-50
304,3,8
302,3,16
5262,2,6
5509,2,2
7150,4,2
8514,1,0
8515,1,0
7249,3,12
8393,2,11
8394,2,7
8395,2,12
2525,2,-1
2489,2,-5
2491,2,10
2544,2,1
6082,2,3
2583,2,-1
2508,2,16
3120,1,11
8527,1,-22
8528,1,0
8514,3,0
8515,3,0
5162,2,13
2363,2,-42
2363,4,7
6781,2,-7
3854,2,-1
3120,3,-1
8527,3,6
3072,3,0
8528,3,6
8516,1,60
8517,1,29
8518,1,56
8519,1,15
8520,1,5
8521,1,13
8522,1,3
8523,1,57
8524,1,8
8525,1,5
8526,1,12
8529,2,-8
8529,4,5
8517,3,1
8521,3,0
8525,3,0
8516,3,12
8522,3,0
8524,3,4
8519,3,4
8526,3,4
8518,3,8
8520,3,5
8523,3,14
6259,2,6
5538,2,2
6780,2,-16
7500,2,-5
3051,2,1
2345,3,-1
3686,3,2
4981,3,-1
7513,3,15
3663,3,-2
8516,4,0
8517,4,0
8518,4,0
8520,4,0
8523,4,0
8524,4,0
8526,4,0
8519,4,0
8525,4,0
8522,4,0
8521,4,0
7967,4,-1
8530,1,0
3120,4,0
8531,1,95
8532,1,55
8533,1,8
8452,3,-46
2766,2,-4
2762,2,20
5921,2,-60
5922,2,-8
2720,2,1
8534,1,0
6866,2,-2
8534,3,0
8531,3,3
8535,1,24
2175,2,-4
2178,2,-4
2180,2,1
2909,3,3
5836,3,28
2169,2,16
2179,2,2
2181,2,-1
2185,2,15
2189,2,1
2188,2,-3
5664,3,1
8351,3,0
8369,4,14
7741,3,7
8135,3,0
8536,1,0
8537,1,0
1400,3,-7
7860,3,3
8536,3,4
8537,3,0
4483,3,-1
8328,3,-31
8538,1,0
8273,3,-1
8539,1,86.3
140,3,24
548,2,0
2827,3,-2
8540,1,0
8541,1,0
8542,1,6
8137,3,5
2211,2,1
8543,1,1
8042,3,0
8539,3,10
6247,3,20
1805,3,2
7001,4,0
2817,3,-1
8476,4,0
7555,3,-1
5300,2,2
7615,3,11
8544,1,-24
8545,1,187
8546,1,248
8547,1,73
8548,1,144
8549,1,126
8550,1,123
8551,1,-1
8552,1,1
8553,1,1
8554,1,3
8555,1,0
8556,1,1
8557,3,-28
8544,3,0
8556,3,-2
8551,3,0
8552,3,3
8491,4,1
7355,3,-2
8558,1,0
8559,1,175
8560,1,179
7327,3,0
1327,2,2
1329,2,2
4424,2,3
523,4,2
8474,3,-4
439,3,-9
8561,1,1
1751,2,10
3870,1,13
2027,1,6
2030,1,9
2010,1,19
8563,1,0
8564,1,1
8565,1,7
8562,1,5
3872,3,2
8349,3,3
2027,3,5
2030,3,3
2010,3,2
8563,3,0
8564,3,-3
2008,3,8
8565,3,0
8566,1,2
3836,2,1
7781,2,3
3462,3,11
8567,1,0
8568,1,0
7810,3,-2
497,3,-4
6967,3,-70.3
8254,3,0
6618,3,-4
8569,1,1
5858,1,1
8570,3,0
5472,3,-2
5853,3,0
8569,3,0
5858,3,0
6381,2,1
1388,2,1
2750,3,0
5725,3,804
924,2,4
6026,2,-5
1469,3,-1
8571,1,54
8572,1,-3
8573,1,3
8574,1,6
8574,3,0
8571,3,10
6451,3,0
8575,1,0
8576,1,9
8577,1,29
8578,1,56
6961,3,5
1919,2,1
1918,2,5
6978,3,-1
5272,2,35
8579,1,0
8580,1,229
8570,1,0
6621,1,0
8581,1,0
125,3,1
3676,1,0
3675,1,0
3678,1,-13
4684,1,-0.2
8583,1,-15
8580,3,59
7625,3,-30
8582,1,6
3680,1,0
3683,1,0
3684,1,-7
3687,1,0
3685,1,0
3659,1,8
3676,3,1
3675,3,0
4684,3,34
8583,3,-17
8395,3,0
3677,3,0
3683,3,-2
3684,3,6
3685,3,0
3659,3,-4
3582,3,-1
5761,3,-1
8079,3,2
8260,3,3
8584,1,17
8585,1,1
8586,1,0
483,3,-1
8587,1,0
8588,1,31
8589,1,22
8590,1,16
8591,1,19
8592,1,14
8593,1,0
8587,3,0
8592,3,0
8593,3,1
8588,3,10
8589,3,10
8590,3,10
8591,3,21
4644,3,5
3684,4,3
3687,4,0
8582,4,5
3680,4,0
2862,3,-1
8417,3,-191
7902,2,2
8375,2,3
1826,2,8
6099,2,1
8594,1,103
8594,3,20
8595,1,0
7241,3,-5
8512,3,4
1019,3,3
1086,3,4
1168,3,3
1064,3,2
5158,3,0
3848,1,0
5345,2,1
2575,3,-1
7499,3,0
8596,1,0
4016,3,-5
8597,1,16
8598,1,0
8597,3,1
690,3,1
8518,2,1
5760,2,1
7905,2,2
6879,3,5
8385,3,18
7868,3,-8
3507,3,-1
373,3,-15
5160,3,1
8599,1,0
8399,3,2
8602,1,41
8603,1,20
8618,1,12
8619,1,4
8600,1,0
8601,1,0
8604,1,12
8605,1,10
8606,1,9
8607,1,0
8608,1,20
8609,1,0
8610,1,0
8611,1,0
8612,1,0
8613,1,0
8614,1,0
8615,1,0
8529,3,-1
7967,2,1
8616,1,0
8617,1,0
8476,3,0
6507,3,1
3904,1,0
3904,3,1
8620,1,0
8621,1,0
8622,1,0
8623,1,0
8624,1,0
8625,1,-4
8626,1,0
8627,1,0
8628,1,34
8629,1,29
8630,1,0
8600,4,0
8620,4,0
8621,4,0
8601,4,0
8622,4,0
8612,4,0
8613,4,0
8623,4,5
8624,4,1
8616,4,0
8611,4,0
8604,4,5
8615,4,0
8614,4,0
8537,4,0
8483,4,0
8606,4,2
8627,4,0
8605,4,5
8630,4,2
8610,4,0
8607,4,0
8617,4,0
3683,4,7
3677,4,0
8626,4,1
8608,4,0
8484,4,0
8396,4,16
8627,3,2
8605,3,-4
8630,3,1
8610,3,6
8607,3,0
8617,3,0
8626,3,1
8608,3,-20
8396,3,9
8631,1,1
8632,1,4
5345,1,2
8633,1,1
5688,1,2
8634,1,0
8635,1,0
8636,1,0
1799,2,4
8457,3,-3
8631,3,3
8632,3,2
8635,3,0
8634,3,0
8633,3,4
5688,3,4
8628,3,6
8629,3,4
8637,1,0
4724,3,2
8638,1,1
7744,3,-97.5
1135,3,-5
8639,1,1
8637,3,3
8592,4,4
8634,4,0
8632,4,0
8636,4,145
8633,4,0
8638,3,2
4998,3,-1
8636,3,82
7478,3,-1
8640,1,-1
8641,1,8
8642,1,-8
8643,1,11
8644,1,-1
8645,1,0
8646,1,-4
8647,1,1
8648,1,15
8538,3,-3
8417,4,212
7558,3,-1
958,3,-1
8647,3,0
8644,3,0
8645,3,0
8646,3,5
8643,3,-1
8642,3,5
8641,3,3
8640,3,1
8600,3,0
8615,3,0
8614,3,0
8604,3,7
8611,3,0
8483,3,-11
8620,3,0
8621,3,0
8623,3,3
8616,3,1
8624,3,8
8606,3,-2
8612,3,1
8601,3,3
8622,3,3
8613,3,1
3687,3,4
5788,2,3
7880,4,0
8649,1,0
8561,3,1
8649,3,0
7904,3,-5
5568,3,-1
8511,4,0
1005,3,-2
8650,1,0
8651,1,0
8652,1,0
8555,3,0
8231,3,-1
8653,1,0
133,2,0
1419,3,-1
5168,4,-1
8331,4,-1
8653,3,2
6020,3,-1
8654,1,44
8655,1,64
8656,1,0
8654,3,14
8092,4,0
4438,3,0
8583,4,-1
4684,4,9
2781,2,8
8648,3,7
8657,1,24
8658,1,2
8659,1,0
8655,3,14
8493,4,3
8481,3,85
8660,1,3
7195,1,0
8661,1,0
8662,1,0
8663,1,0
220,3,8
72,3,1
4772,2,0
2201,2,3
4052,2,99
7435,3,0
8664,1,0
8668,1,0
8665,1,-30
8666,1,-19
8667,1,0
8669,1,2
8394,3,2
3889,3,-2
3678,4,-3
1266,3,5
8393,3,14
8465,3,2
3042,1,20
8566,3,5
3042,3,18
2903,3,-3
8404,2,2
3958,2,3
5245,2,1
3508,2,1
4336,2,0
3599,3,-6
2871,3,0
6539,3,-1
8399,2,1
665,2,260
7742,3,0
8141,3,0
2465,3,-5
6824,3,16
7747,4,-10
8475,3,0
7046,4,3
2868,3,-2
8671,1,0
1908,2,0
7997,3,0
3943,4,8
1593,3,-2
2638,3,10
8657,4,3
370,4,0
8611,2,1
2734,2,1
8004,3,-5
8672,3,-3
8672,4,0
7105,2,2
8673,3,-9
6441,2,1
8369,3,0
5617,2,40
8674,1,0
8511,3,0
5369,2,9
8675,1,6
1161,3,-1
8676,1,1
7861,3,3
8676,3,2
3196,3,-1
8675,3,4
8677,1,18
1963,2,1
8441,4,1
1336,3,0
8677,3,6
6964,3,4
7907,3,100
4690,3,100
8441,3,8
8678,1,0
8679,1,0
8680,1,0
8681,1,0
8682,1,1
8683,1,2
8684,1,1
8685,1,0
8686,1,2
8687,1,2
8688,1,113
8689,1,5
8690,1,0
8691,1,0
8692,1,0
8693,1,8
8694,1,8
8695,1,1
8696,1,6
8697,1,1
8698,1,2
8699,1,6
8700,1,13
8701,1,7
8702,1,7
1274,3,-4
8701,3,5
8427,3,6
6864,3,3
8688,3,14
8689,3,-14
8690,3,-57
8625,3,4
8691,3,4
8692,3,3
3679,3,-1
541,2,7
132,3,2
6488,3,-1
957,3,-4
8706,1,0
8703,1,0
8704,1,0
8705,1,0
8707,1,18
8706,3,1
8482,3,36
8708,1,91
8697,3,0
8134,3,2
8708,3,43
20,3,0
21,3,1
8692,4,1
8691,4,4
8689,4,-3
8688,4,16
8625,4,-14
8690,4,0
8709,1,0
8710,1,0
8714,1,5
4330,3,0
5224,3,2
8715,1,1
8716,1,0
8717,1,2
8619,3,-4
8711,3,-6
8712,3,-8
8713,3,-4
997,3,-1
6826,4,22
7633,4,0
8139,4,0
7965,3,5
5941,2,1
8718,1,0
8719,1,6
8720,1,5
8721,1,0
8722,1,0
8723,1,5
8724,1,5
8725,1,-1
8721,3,2
8718,3,3
8723,3,5
8720,3,0
8719,3,2
8726,3,-40
8727,1,2
3360,3,0
6428,3,0
3351,3,0
5997,3,-2
788,3,4
8721,4,0
3550,3,-2
8728,1,-1
2108,3,3
3056,2,2
5946,2,4
5091,2,50
6356,2,1
8729,1,12
8731,1,11
8615,2,1
8732,1,3
670,2,100
8733,1,6
8734,1,104
8735,1,32
8736,1,840
8737,1,0
8738,1,0
3263,1,-3
8736,3,53
8739,1,179
8737,3,2
8738,3,1
8733,3,6
8734,3,25
8735,3,27
8739,3,14
134,2,1
7849,3,-4
8740,3,-1
3429,3,-1
6011,3,4
7983,4,8
5941,3,3
6898,3,-1
8741,1,0
8742,1,-4
8743,1,9
8741,3,0
6829,3,2
7705,3,1
8682,3,-4
8585,3,-3
8744,1,28
8745,1,0
8746,1,0
8748,1,0
8747,1,0
8749,1,0
4274,1,-1
4284,1,-1
8748,3,33
8746,3,6
8749,3,0
8745,3,0
8743,3,8
8744,3,71
7789,3,13
8750,1,6
8751,1,0
8752,1,0
8753,1,6
8754,1,0
8755,1,9
8756,1,3
8757,1,0
8758,1,8
8759,1,0
8760,1,4
8761,1,0
8762,1,0
8763,1,11
8764,1,11
8765,1,5
8766,1,0
8767,1,0
8768,1,-3
8769,1,0
8770,1,0
8747,4,0
8653,4,1
8745,4,0
8746,4,1
8744,4,13
8749,4,0
8765,3,4
8767,3,5
8766,3,0
8768,3,0
8756,3,0
8764,3,5
8754,3,0
8759,3,0
4012,3,-5
6908,3,4
5305,2,3
7079,4,6
8481,4,41
7521,2,1
7154,2,7
7597,3,3
8753,3,2
1366,2,12
550,2,7
567,2,6
1580,3,-1
1205,3,-1
8226,4,1
7497,3,-2
8656,3,1
2101,1,0
2099,1,0
2100,1,0
8772,1,0
8773,1,0
8774,1,0
8775,1,0
8776,1,26
8777,1,3
2101,3,46
2100,3,46
2099,3,11
8773,3,20
8775,3,42
8772,3,18
8774,3,16
8778,1,0
3799,1,0
8780,1,44
8779,1,43
8779,3,8
8268,3,0
4118,2,127
3770,3,-1
3769,3,-1
8698,3,-1
7081,3,11
8782,3,-15
7284,4,0
6768,2,1
8783,3,71
8784,1,56
8785,1,72
8786,1,0
8784,3,19
8785,3,52
8657,3,5
2867,3,-6
8787,1,30
8788,1,0
8789,1,2
8790,1,-29
8791,1,1
8792,1,612
8793,1,10
7920,3,-2
8787,3,5
8283,4,0
8794,1,2
8795,1,2
8796,1,0
8797,1,0
8798,1,1
8799,1,1
8800,1,1
5053,3,14
8801,1,6
8802,1,314.5
8439,2,1
8803,1,7
8804,1,1
8805,1,3
8806,1,20
157,1,6
217,2,1
8807,1,0
157,4,3
6734,3,2
8806,3,17
8803,3,3
8804,3,0
6518,3,2
6519,3,0
6520,3,2
6522,3,0
8805,3,3
504,4,6
157,3,4
8808,1,0
8784,4,24
8785,4,26
8316,4,0
8638,4,7
8718,4,4
8723,4,5
8720,4,4
8719,4,2
372,4,0
8670,3,-27
2877,1,0
8810,1,3
8195,3,-6
8811,3,0
3727,3,4
5861,2,1
556,2,1
2964,2,1
8815,3,0
8798,3,-2
5527,1,-4
4675,3,6
8816,1,16
7704,1,12
8817,3,44
4907,3,3
4905,3,2
6289,3,0
7791,3,-28
8818,1,3
2134,3,-2
8819,1,19
8820,1,4
8821,1,9
8822,1,7
8823,1,12
8824,1,34
8825,1,32
8826,1,2
7594,3,-1
8827,1,1
8828,1,16
8829,1,0
8830,1,0
8831,1,0
8832,1,0
8824,3,8
8825,3,14
8823,3,4
8822,3,5
8831,3,1
8832,3,1
8830,3,0
8829,3,-2
8833,1,-1
782,3,-1
8833,3,6
7897,3,5
6960,3,4
8662,3,3
8829,4,0
8831,4,0
8832,4,0
2361,2,42
7517,3,83
8661,3,1
8834,1,0
8835,1,61
8836,1,15
8837,1,20
8838,1,0
8839,1,0
8840,1,71
8841,1,98
8842,1,112
8843,1,80
8844,1,133
8845,1,20
8846,1,2
8847,1,0
8848,1,1
8849,1,0
8850,1,17
8851,1,2
8852,1,0
8853,1,0
5888,4,0
8838,3,0
8839,3,0
8853,3,0
8851,3,3
8850,3,5
8849,3,0
8847,3,15
8848,3,13
8846,3,4
8845,3,9
8843,3,28
8844,3,18
8840,3,28
8842,3,14
8841,3,23
5888,2,0
7149,3,-4
5889,3,0
4571,3,-9
8854,3,40
6092,1,-1
2789,2,1
1702,3,100
1703,3,0
8771,3,6
8855,1,0
6723,3,-1
8855,3,1
8857,1,0
8858,1,0
8859,1,1
8236,2,1
1121,3,-2
8861,1,69
8860,1,114
506,3,-6
5656,3,3
422,3,-3
8742,3,2
8861,3,59
8860,3,51
4872,3,3
6221,3,0
8862,1,-1
8863,1,-1
8864,1,-1
8865,1,-1
8866,1,0
8266,3,-3
8863,3,0
8864,3,0
8866,3,3
8862,3,0
8865,3,1
8867,1,52
7225,1,-15
8867,3,16
3739,3,3
1155,3,-2
8868,1,0
8869,1,8
4721,3,3
8281,2,7
5350,2,1
5268,2,2
8870,1,82
4877,3,1
8870,3,7
7207,4,6
1785,2,2
5452,2,1
7308,2,1
8113,3,3
8871,1,61
8872,1,4
8873,1,1
7570,3,-3
795,4,8
8874,1,0
8874,3,0
8572,3,0
8573,3,0
8872,3,1
2587,2,2
5368,2,1
1951,2,1
7917,3,-37
8875,1,4
8876,1,7
8877,1,4
8878,1,0
6537,4,4
8571,4,12
6616,3,3
8875,3,2
8876,3,5
8304,3,0
994,3,-1
8879,1,-1
8880,1,1
8881,1,0
8882,1,0
8883,1,1
8884,1,96
8885,1,0
8886,1,0
8887,1,27
8888,1,0
8889,1,0
8890,1,0
8891,1,0
8892,1,11
8893,1,0
8883,3,0
8879,3,1
8888,3,0
8880,3,0
8890,3,0
8891,3,0
8892,3,10
8882,3,0
8884,3,50
3776,1,-5
8893,3,2
8889,3,-13
8887,3,2
8886,3,1
8881,3,1
7794,3,32
8894,1,197
3720,3,-3
5060,4,5
5053,4,6
8889,4,0
8887,4,5
8886,4,0
8888,4,0
8891,4,0
8893,4,0
5359,2,99
1273,2,1
1801,2,1
5507,2,3
2189,3,-8
4471,3,22
855,3,0
3771,3,-1
2615,3,3
3182,1,-2
8827,3,0
5956,3,-5
2087,1,0
2088,1,0
8896,1,0
8895,1,0
8086,3,2
2088,3,0
7264,4,0
8349,4,0
8512,4,0
790,4,3
8878,4,0
4162,4,0
6130,4,10
6486,2,1
5704,4,10
5591,4,1
3436,4,0
3505,4,1
6270,2,77
1704,3,100
1436,2,20
8709,3,1
8898,1,-1
1931,3,2
8899,1,14
8900,1,20
8899,3,7
8900,3,11
7281,4,0
4525,4,500
7897,4,5
6083,3,-1
8875,4,-3
8901,1,0
1219,3,-3
4054,2,200
7186,2,30
4049,2,213
4056,2,134
4058,2,41
5026,3,-1
2447,3,9
7979,3,22
7835,4,300
3673,2,5
8902,1,45
3993,2,1
2885,2,16
8902,3,3
7294,3,4
6772,3,2
8903,1,-1
8904,1,0
185,2,80
8903,3,0
8904,3,0
2778,1,-17
633,2,12
2378,3,-1
8257,3,0
5687,3,-2
8905,1,3
8906,1,0
8907,1,6
8908,1,1
8909,1,13
8910,1,7
8911,1,14
8912,1,0
8913,1,0
8914,1,0
8915,1,0
8916,1,4
8917,1,0
8918,1,-1
8919,1,0
8920,1,0
8921,1,0
8922,1,26
8909,3,4
8908,3,0
8769,3,0
8770,3,0
8907,3,3
8905,3,2
7877,3,19
8921,3,11
8922,3,5
8440,3,3
8912,3,0
8913,3,2
8914,3,0
8915,3,0
8917,3,0
8916,3,3
8918,3,-48
8919,3,3
8920,3,1
8923,1,0
8924,1,15
8925,1,9
8926,1,15
8927,1,15
8928,1,0
8929,1,0
8930,1,0
8931,1,0
8932,1,7
8933,1,24
8932,3,3
8933,3,1
8928,3,4
8929,3,6
8930,3,9
8931,3,4
8140,3,0
8923,3,2
1497,3,20
8373,3,17
1480,3,10
2840,3,15
8926,3,5
8927,3,3
8924,3,5
8925,3,3
8548,3,25
8547,3,30
8550,3,19
8549,3,30
8545,3,22
4055,2,400
8483,2,2
5195,2,1
6797,4,0
8885,4,0
8462,4,2
5412,2,1
6385,4,5
8885,3,0
7398,3,58
4685,1,800
4686,1,650
4688,1,600
4689,1,1800
7640,4,15
8928,4,0
8929,4,0
8930,4,0
8931,4,0
170,2,6
790,3,0
6588,3,1
3318,3,4
8288,3,3
8934,3,1
4685,3,200
4686,3,100
4689,3,200
4688,3,100
7098,3,0
8935,1,3
8936,1,3
8938,1,0
8939,1,0
8940,1,0
8941,1,0
8942,1,0
8937,1,9
5858,4,0
5853,4,1
8563,4,0
2066,4,2
8937,3,4
8936,3,5
8935,3,3
2753,3,-2
4691,1,766.5
8943,1,229
2612,1,12
4691,3,63
8943,3,-22
2612,3,-30
1305,4,0
5042,3,14
8944,1,100
8904,4,0
2608,1,0
7124,2,1
7786,3,2
5148,3,8
8946,1,0
8947,1,4
4007,4,-2
6934,1,1
8941,2,0
8942,2,0
8939,2,0
8940,2,0
8938,2,0
3297,3,-1
3257,3,-1
1889,1,1
2609,1,1
2611,1,5
2614,1,2
3012,1,12
3007,1,13
8948,1,7
8949,1,307.5
5505,2,8
2991,3,1
2974,3,1
2958,3,3
8949,3,77
3067,3,-2
247,3,0
6084,3,-10
7199,2,5
8464,3,6
8001,4,105
8579,3,0
245,3,-6
4679,4,167
7625,4,74
8950,1,41
7714,3,0
3791,1,8
3196,4,0
8951,1,0
8952,1,89
8953,1,186
8954,1,95
8956,1,82
8955,1,48
6246,3,8
8957,1,16
8951,3,0
7055,3,35
7112,3,18
5964,3,14
7322,3,28
5963,3,14
1974,3,3
8379,3,-10
7826,3,1
8840,4,33
7642,3,0
8047,3,3
5708,3,1
2873,3,-5
7456,3,9
8958,1,0
8959,1,0
6673,2,1
1014,2,2
3906,1,0
3906,3,0
3829,1,0
8295,2,0
3907,4,0
8768,4,0
8079,4,22
933,3,4
8365,3,0
8669,3,3
8353,3,3
7134,2,6
8961,1,1
4392,3,-2
3031,1,0
1929,4,0
7878,3,1
8778,3,0
6393,1,-1
5023,1,0
3550,1,0
5280,3,9
748,2,20
5023,3,2
8362,3,4
5615,1,61
8963,1,16
8964,1,0
8965,1,0
8966,1,35
8967,1,0
8968,1,0
8968,3,0
8967,3,0
8965,3,1
8964,3,0
8966,3,12
5616,3,3
8295,4,10
5934,4,5
1325,2,2
8969,1,1
8915,4,0
8920,4,0
431,1,-14
8084,3,1
53,4,12
120,3,3
7222,1,166
6999,3,0
1915,3,2
2096,3,1
2104,3,1
1922,3,-4
7222,3,70
974,3,-2
6278,3,0
8970,1,17
786,4,0
8971,1,1
1621,1,0
7259,3,2
7260,3,3
839,3,18
7247,2,1
2886,3,-1
512,1,6
5298,4,13
7928,4,0
8972,1,2
8914,4,0
8975,1,1
8973,1,1
8974,1,1
6394,1,0
7282,3,7
3405,3,-3
7890,3,5
8350,3,5
8977,1,24
3505,3,2
890,2,1
8978,1,30
512,3,0
8086,4,0
1225,3,-1
7835,3,800
6832,3,0
7486,3,0
8952,4,10
8956,4,13
8979,1,0
8952,3,14
8954,3,20
8955,3,12
8956,3,12
6247,4,15
3151,3,0
8980,1,2
8981,1,4
3041,3,8
8981,4,0
8980,4,0
1622,1,0
7637,2,481
8589,4,9
8588,4,10
8591,4,0
8590,4,7
1630,1,0
8308,1,-12
1631,1,0
1346,2,0
4653,2,0
4115,2,0
1632,1,0
8051,2,8
1663,1,4
1664,1,15
1665,1,47
8982,1,-1
8983,1,0
1659,3,2
3339,3,1
5387,3,1
1632,3,0
8296,3,4
8446,3,15
8447,3,13
1622,3,0
1382,3,5
8699,3,-1
7520,4,4
8816,4,2
8816,3,7
5743,1,-1
4681,3,-24
8984,1,0
8985,1,0
8986,1,0
8987,1,0
8988,1,0
8984,3,0
8987,3,0
8986,3,0
8985,3,0
3767,2,25
5527,2,1
5424,2,3
5786,2,3
8778,4,0
5631,1,29
8989,1,22
6126,1,20
8990,1,16
8991,1,20
8990,3,22
8991,3,48
5631,3,10
6126,3,19
8989,3,18
3334,1,11
4721,1,-1
7699,3,-1
8998,1,0
8992,1,0
8993,1,0
8994,1,0
8995,1,0
8996,1,0
8997,1,0
8999,1,0
9000,1,0
9001,1,0
9002,1,0
9003,1,0
9004,1,0
9005,1,0
9006,1,0
9007,1,0
9008,1,0
9009,1,0
8352,3,4
3131,2,2
7059,4,2
9010,1,1
9011,1,0
9010,3,-5
9011,3,0
7508,3,-1
7516,3,-3
2555,3,0
692,2,1
1665,4,0
9012,1,42
6536,3,6
4051,4,0
7878,4,15
9012,3,1
5283,3,2
3718,3,5
9013,1,25
9014,1,0
9015,1,0
9016,1,0
4419,3,0
4419,1,0
4417,3,0
4417,1,0
9017,1,0
7522,4,3
8102,3,-25
8860,4,12
8861,4,0
8741,4,0
9018,3,0
3290,3,-1
3739,1,5
3736,1,0
3737,1,2
1402,4,32
6421,4,0
9012,4,12
3737,4,3
8768,2,4
8286,4,0
4324,3,2
3737,3,2
8820,3,4
5404,3,2
3177,2,50
6414,3,-3
1664,3,12
972,3,-2
9019,1,0
9020,1,0
9021,1,0
4503,3,-1
547,2,2
9021,3,0
9020,3,0
9019,3,0
4023,3,0
9022,1,0
9023,1,25
9024,1,0
9022,3,0
9023,3,12
9024,3,0
6393,3,10
8809,1,0
9025,1,0
5032,1,12
367,2,17
9027,1,53
9026,1,35
371,2,5
3232,2,2
9028,1,1
5684,1,7
1988,1,8
8279,3,-1
6267,4,831
8480,3,8
9025,3,3
8808,3,2
8112,3,0
7510,3,2
8809,3,9
7583,3,27
8303,4,2
7510,4,0
5032,4,3
8809,4,4
3126,4,15
9020,4,1
9019,4,0
9021,4,0
7085,4,7
8963,4,0
8743,4,4
6864,4,2
6923,4,5
7411,4,4
2808,4,7
6631,4,0
8879,4,0
8880,4,1
8913,4,0
8892,4,9
8376,3,2
5684,3,1
5683,3,3
1988,3,0
6478,4,0
2024,4,-2
2025,4,4
2036,4,7
2027,4,6
2028,4,6
2008,4,0
2009,4,5
2030,4,0
2031,4,4
8544,4,2
9029,1,120
9030,1,-5
9031,1,140
9032,1,0
9033,1,98
9034,1,90
9035,1,19
9036,1,10
6848,2,2
6846,2,0
6796,2,1
9034,3,29
9033,3,19
9036,3,12
9032,3,1
9031,3,7
31,1,300
30,1,700
33,1,200
34,1,1100
35,1,500
32,1,2400
77,1,1300
9037,1,1400
9038,1,900
9039,1,1400
9040,1,3600
9041,1,1200
9035,4,12
9035,3,11
9029,3,27
9030,3,27
7702,3,-2
9037,3,400
9039,3,300
9041,3,100
9040,3,100
9038,3,200
31,3,300
33,3,300
34,3,300
35,3,300
30,3,200
32,3,400
77,3,300
82,3,200
29,3,200
76,1,435
6580,1,960
9,1,881
139,1,317
98,1,38
120,1,7
180,1,5
119,1,-1
168,1,0
154,1,0
153,1,69
128,1,36
129,1,15
8954,4,15
8955,4,12
9037,4,200
9039,4,200
9041,4,100
9040,4,100
9038,4,300
31,4,400
33,4,0
34,4,100
35,4,200
30,4,0
32,4,100
77,4,200
82,4,0
29,4,100
9018,1,0
3557,3,-1
103,4,7
98,4,5
9032,4,0
9036,4,0
9034,4,13
9033,4,22
7871,4,0
9031,4,13
9029,4,8
9030,4,5
8824,4,8
686,4,2
258,3,-2
5809,3,0
135,3,2
128,3,6
131,3,33
164,3,1
180,3,1
136,3,2
139,3,25
57,3,4
76,3,78
6580,3,61
8602,3,6
1634,1,4
9042,1,-2
9043,1,0
8846,4,5
8845,4,4
3891,4,5
8842,4,4
8841,4,4
8844,4,4
8843,4,5
5401,4,0
6250,4,0
5809,4,0
5830,4,9
124,4,7
114,4,3
154,4,1
1800,4,11
5874,4,0
6777,4,5
6479,4,0
3406,4,1
8049,4,0
5802,4,0
5487,4,0
7166,3,-1
6759,4,0
8765,4,0
8668,3,-1
7659,3,0
9044,1,-50
9042,3,1
8546,3,20
4403,4,2
4392,4,2
692,3,0
7470,3,0
8228,4,3
8106,3,0
8188,3,2
8470,3,20
813,2,1
421,3,12
6249,3,0
4377,3,0
417,3,9
468,3,47
419,3,0
9047,1,31
8106,4,0
8188,4,1
8936,4,1
1083,2,1
7936,3,0
9049,1,2
1987,1,4
1994,1,6
1986,1,0
1985,1,0
1936,1,0
1916,1,0
2119,1,0
2128,1,2
1914,1,0
1917,1,0
1924,1,15
2117,1,0
1911,1,3
7613,3,10
1906,3,2
1936,3,1
1916,3,0
2119,3,0
2128,3,0
1914,3,2
2117,3,0
1986,3,0
1987,3,2
1994,3,0
1916,4,0
2117,4,0
1914,4,1
1917,4,1
2119,4,0
2128,4,0
5825,1,0
3598,2,5
9050,4,0
9051,1,800
9052,1,11
9053,1,23
9054,1,70
9055,1,25
3319,1,15
3319,3,2
3304,3,-2
7207,2,1
5961,3,19
7892,3,1
7824,3,4
6503,3,0
8727,3,9
8751,3,4
9056,1,60
9057,1,0
9048,1,0
9058,1,129
9058,3,21
9056,3,34
9048,3,0
9057,3,0
5059,2,0
5075,2,3
6503,4,0
8727,4,9
8751,4,1
8873,3,2
6741,3,1
2671,1,0
9064,1,199
9065,1,900
9066,1,400
9067,1,1000
9061,1,0
9062,1,0
9063,1,0
9068,1,0
9069,1,288
9070,1,0
9068,3,1
9069,3,-223
9070,3,2
9061,3,1
9062,3,1
9063,3,2
7679,3,2
2671,3,0
9064,3,100
9066,3,100
9067,3,100
9065,3,100
9051,3,200
378,1,30
380,1,35
91,2,0
5259,2,0
2906,2,0
1321,2,0
1355,2,0
9071,1,0
9072,1,5
9073,1,1
9074,1,2
9075,1,0
9076,1,0
9077,1,0
2616,2,7
9078,1,0
8542,3,0
8261,3,5
8256,3,8
4436,3,1
9071,3,4
9079,1,0
9080,1,-9
8897,1,-1
9082,1,26
9083,1,13
9084,1,10
9085,1,6
9086,1,2
9087,1,2
9080,3,0
9079,3,0
401,3,1
8344,3,0
9088,1,1600
71,4,32
76,4,46
9088,3,100
689,2,1
8582,3,3
6426,4,0
9090,1,9
9091,1,0
9092,1,6
9093,1,2
9094,1,6
9095,1,3
6721,4,3
5957,4,4
6824,4,10
5032,2,1
7405,2,0
8364,3,1
7925,3,4
8344,2,1
8690,2,1
1901,2,1
9096,1,-1
843,4,20
8421,2,1
6966,3,91
9097,1,48
9098,1,75
9099,1,64
9100,1,51
9101,1,25
9102,1,21
9103,1,55
9104,1,30
9097,3,30
9098,3,29
9099,3,18
9100,3,12
9102,3,14
9104,3,16
9103,3,21
8977,3,-6
8741,2,11
1978,4,3
6315,4,9
9020,2,1
9105,1,27
54,2,2
1976,2,1
5124,2,1
7355,2,1
9105,3,28
3047,2,1
4375,2,4
8821,3,5
9106,1,66
9107,1,160
9108,1,-3
9108,3,9
9106,3,28
9107,3,12
3109,2,1
9109,1,0
210,2,5
2222,2,1
214,2,1
9106,4,10
7891,1,0
9111,1,11
9110,1,1
9112,1,3
9113,1,-3
9058,4,0
9101,4,6
9097,4,14
9098,4,12
9099,4,19
9102,4,11
9103,4,5
9100,4,18
9104,4,1
1344,3,-2
9060,1,-5
9114,1,1
8965,4,0
8964,4,0
3107,2,0
8913,2,0
5065,1,2
6402,2,9
1816,2,1
9097,2,0
802,2,1
9098,2,1
9099,2,1
9104,2,0
9100,2,1
9102,2,1
5876,2,2
9096,3,-26
9116,1,711
9117,1,653
9118,1,239
4257,4,0
916,2,0
8516,2,1
1236,3,-2
3730,1,0
5655,1,0
5656,1,3
3716,1,5
5663,1,8
5662,1,6
6568,3,-1
3778,1,54
9119,1,0
5749,1,17
9101,3,7
5657,3,5
3719,3,1
1830,4,4
5290,4,10
3717,3,0
6586,4,0
136,4,3
3730,3,0
3715,3,0
5663,3,1
8818,3,1
3778,3,46
3779,3,23
9119,3,10
7753,3,94
4673,3,38
9117,3,90
9118,3,100
2125,1,0
2116,1,3
2126,1,5
5776,1,0
9115,1,0
6470,4,5
6463,4,3
9119,4,2
3718,4,4
1778,3,-3
8255,3,14
3180,3,-1
3795,3,5
8861,2,12
9121,1,1
9122,1,3
9123,1,41
9124,1,34
9125,1,4
9126,1,12
9127,1,22
9128,1,7
9129,1,2
9130,1,13
9131,1,11
9132,1,7
9133,1,5
9134,1,18
9135,1,0
9136,1,1
9137,1,2
7316,2,1
9139,1,2
9140,1,0
9141,1,1
9142,1,0
9141,3,3
9142,3,1
8871,3,7
2125,3,1
2116,3,1
2126,3,3
9122,3,4
9121,3,0
9137,3,3
9136,3,1
9135,3,1
9123,3,5
9124,3,3
9125,3,1
9126,3,3
9127,3,6
9128,3,5
9129,3,3
9130,3,3
9131,3,2
9132,3,5
9133,3,5
9134,3,3
6939,3,2
9143,1,0
9144,1,0
9145,1,0
9146,1,0
9147,1,0
9148,1,0
9149,1,0
68,3,182
9143,3,0
9144,3,0
9145,3,0
9146,3,2
9147,3,-5
9148,3,-4
9149,3,-2
4885,3,1
8978,3,12
9116,3,199
1874,4,194
2125,4,0
2116,4,3
2126,4,3
9122,4,2
9135,4,1
9137,4,0
9149,4,0
9148,4,0
9146,4,0
9147,4,0
9063,4,1
9143,4,0
9144,4,0
7315,2,0
6937,4,4
6938,4,0
9150,1,2
9151,1,2
9152,1,2
9153,1,1
3985,3,-1
444,2,4
5448,2,1
5732,3,-3
1076,3,-2
966,3,0
8704,3,2
8576,3,5
7818,3,4
7024,3,-20
7382,3,3
7622,3,-4
130,3,2
7735,3,4
1014,3,3
1149,3,14
7092,3,2
3112,3,3
9154,1,0
9155,1,12
9156,1,0
9157,1,0
9158,1,0
9159,1,0
9160,1,0
9161,1,4
9162,1,28
9163,1,3
9164,1,0
9165,1,0
9166,1,3
9167,1,1
9168,1,0
9169,1,32
9170,1,71
9154,3,0
9155,3,5
9156,3,6
9157,3,12
9158,3,1
9159,3,0
9160,3,9
9162,3,10
9165,3,7
9167,3,19
9166,3,10
9168,3,12
9169,3,11
9170,3,20
9164,3,0
9163,3,25
5376,2,1
8810,3,-1
3630,3,2
6722,3,0
3452,3,2
8427,4,0
8243,4,2
9154,4,0
9155,4,4
9156,4,1
9157,4,1
9158,4,1
9159,4,0
9160,4,1
9165,4,0
9166,4,12
9167,4,7
9169,4,5
9168,4,4
9170,4,9
5296,2,1
9171,1,14
9171,3,0
1141,1,-3
4494,3,0
1114,3,4
6494,2,10
9173,1,4
9173,3,5
7758,3,200
9174,1,206
9175,1,1
8043,3,-1
3,1,-6
2,1,-6
6951,3,-1
119,3,0
9175,3,0
1781,3,-1
1664,4,0
119,4,0
164,4,0
9175,4,0
8943,4,17
944,1,0
939,1,0
783,1,0
920,1,0
884,1,0
9176,1,6
9177,1,25
3923,3,-2
9178,1,6
9179,1,0
8747,3,2
9179,3,0
8973,3,6
5476,3,-1
8068,4,0
8070,4,0
4198,3,-3
9180,1,9
8282,3,6
8963,3,-1
5615,3,13
8554,3,2
9181,1,49
5607,3,-1
9181,3,6
9182,1,0
9183,1,20
5858,2,4
1029,2,1
4807,4,0
9059,1,-2
9184,1,1
1317,3,5
8244,3,0
8316,3,0
9187,1,4
9188,1,26
1817,2,0
9188,3,4
2291,3,1
9077,3,0
9076,3,0
4433,3,0
9189,1,2
8556,4,2
241,2,65
9190,1,539
1472,3,-1
9191,1,0
8808,4,1
8112,4,3
9191,3,2
4731,1,0
5736,1,0
669,2,16
5397,2,5
9012,2,1
3035,2,2
1410,2,2
1339,2,1
5785,2,4
2739,3,-2
6255,2,6
9192,1,6
9193,1,10
2864,2,6
9194,1,148
6899,3,5
9195,1,189
9196,1,123
9197,1,0
9198,1,0
9199,1,10
9200,1,151
9201,1,125
9203,1,0
9202,1,0
9204,1,0
9205,1,0
9206,1,23
9207,1,0
9208,1,33
9209,1,38
9210,1,53
9211,1,88
9212,1,134
9213,1,56
9214,1,72
9215,1,86
9216,1,0
9217,1,19
9218,1,0
9193,3,6
9192,3,4
1290,2,1
3233,2,0
5679,2,1
3943,2,1
4522,2,300
1894,2,1
1928,2,1
8951,4,1
9219,1,50
9220,1,38
9221,1,-1
9222,1,-31
9223,1,0
9224,1,0
9225,1,21
9226,1,0
9227,1,0
9228,1,4
9229,1,2
9230,1,0
9231,1,10
9232,1,6
9233,1,3
9234,1,0
9140,3,1
8882,4,0
9234,4,0
2528,3,-1
9229,3,4
9230,3,6
9231,3,4
9224,3,0
9232,3,1
9234,3,0
9221,3,0
9222,3,2
9223,3,2
9225,3,-4
9226,3,0
6239,3,-1
4041,2,0
9225,4,7
9229,4,1
9222,4,12
9223,4,0
8832,2,1
9215,3,11
9216,3,32
9213,3,22
9200,3,25
9204,3,0
9206,3,4
9207,3,2
9201,3,3
9203,3,0
9202,3,1
9199,3,18
9196,3,14
9195,3,26
9198,3,0
9197,3,0
9212,3,31
9218,3,0
9208,3,15
9209,3,14
9210,3,11
9211,3,11
9214,3,23
7506,3,-1
9227,3,0
9228,3,4
386,3,381
9235,1,0
9236,1,1
9184,3,1
9235,3,0
9236,3,2
9237,3,4
9240,3,2
9239,3,1
9238,3,1
9242,3,1
9241,3,1
9243,3,2
9245,3,1
9244,3,4
9247,3,1
9246,3,0
9248,3,4
9249,3,0
9250,3,1
9251,3,6
6275,3,-1
5797,3,-1
4981,1,-1
9200,4,8
9201,4,12
9203,4,0
9202,4,0
9206,4,0
9256,1,2
9257,3,5
9252,1,10
9253,1,1
9254,1,0
9255,1,13
9252,3,9
9253,3,0
9254,3,0
9255,3,4
4092,3,-2
7524,3,2
3928,3,0
9253,4,0
9252,4,4
9255,4,8
9254,4,1
9195,4,7
9196,4,27
9197,4,1
9198,4,0
9209,4,0
9208,4,6
9210,4,6
9211,4,3
9213,4,10
9214,4,24
9215,4,0
9212,4,9
9204,4,0
9218,4,0
885,2,1
6300,3,-1
9258,3,7
9259,3,10
9260,3,2
9261,3,1
9269,3,14
9270,3,14
9268,3,14
9279,3,12
9280,3,12
9273,3,26
9274,3,12
9275,3,22
9276,3,6
9277,3,6
9278,3,20
9262,3,6
9267,3,9
9281,3,5
9282,3,1
9283,1,2
9283,3,0
8221,3,0
205,4,100
195,3,94
1925,2,3
9284,1,6
8370,4,2
8073,4,3
1906,4,2
1936,4,1
7787,4,3
7788,4,2
8073,3,2
7787,3,2
7788,3,2
4295,1,-1
3037,1,0
7582,3,5
9285,1,130
9286,1,113
2504,3,0
2515,3,-1
9286,3,16
9285,3,13
8883,4,-1
9285,4,13
8368,4,18
9286,4,30
6314,3,-3
1813,3,20
9055,3,22
9220,3,15
9054,3,16
9053,3,28
9287,1,9
9288,1,8
9289,1,0
9291,1,-21
9292,1,0
9293,1,0
9290,1,6
9290,3,5
9289,3,5
9293,3,0
9288,3,-1
9287,3,2
4037,3,-1
6367,3,-1
9291,3,1
9289,4,0
5155,3,0
1502,1,-1
6203,3,-2
8015,3,0
5851,1,60
7102,4,0
9296,1,3
9297,1,-5
9298,1,6
9299,1,26
9298,3,2
9299,3,23
9217,3,4
5096,3,-1
2773,4,0
7680,3,2
7378,3,2
7379,3,23
7377,3,0
7541,3,-3
8208,3,0
7660,3,0
8180,3,0
8868,3,-8
7974,3,5
8609,3,-3
7543,4,0
7660,4,0
8881,4,0
7582,4,0
9069,4,91
8180,4,0
7542,4,0
8208,4,0
7974,4,3
8585,4,1
7377,4,0
7583,4,4
4871,4,4
8868,4,0
7378,4,0
7379,4,0
8609,4,0
9298,4,4
9299,4,18
7383,3,0
9294,1,-2
9295,1,-2
4549,3,1
4986,3,-2
2563,3,0
2562,3,1
8289,3,3
8562,3,3
4475,3,2
5779,3,1
6218,1,0
251,4,50
244,4,49
2895,3,1
9296,3,2
8104,3,2
4434,3,3
5275,3,2
4460,3,0
4442,3,0
8799,3,3
9219,3,10
7814,3,0
7985,3,0
7370,3,6
8869,3,6
7448,3,3
5190,3,0
7809,3,1
8424,3,0
6964,4,2
5657,4,0
8104,4,0
7363,4,0
9121,4,1
4943,3,-3
9172,1,0
2602,3,-3
7820,3,0
3391,4,0
8377,4,0
9301,1,0
9300,1,12
8580,4,0
4018,3,-1
8367,3,1
8011,3,2
4170,3,-4
8894,3,92
7803,3,-2
3129,3,-1
7584,3,2
7457,3,13
7649,3,25
4215,1,2
4215,3,2
7017,3,4
7018,3,0
6787,3,6
7016,3,1
4987,1,0
2852,3,-2
6587,3,3
8133,3,5
9013,3,23
3495,2,1
7616,3,-17
8530,3,-2
7683,3,2
7476,3,12
7547,3,1
7458,3,4
8536,4,0
8351,4,-1
8424,4,0
7610,3,1
7384,3,0
7869,3,3
2479,3,-1
7439,3,5
3377,3,-1
1184,3,-1
9026,3,15
2194,3,-1
1597,3,-2
212,3,12
61,3,6
7540,4,0
7383,4,0
7017,4,0
7018,4,1
7457,4,14
7649,4,6
2115,1,0
2115,3,1
5718,3,0
4038,3,-5
5585,1,15
4297,1,-1
7371,3,9
7657,3,5
8187,3,5
7375,3,5
9105,4,4
9219,4,10
7016,4,0
7431,3,0
7431,4,0
9107,4,8
3775,4,7
2115,4,0
7349,1,0
1264,1,9
460,3,-18
7776,3,2
1541,4,22
7482,3,4
8207,3,0
1632,4,0
8953,4,12
5796,4,6
5318,4,3
8761,3,0
8762,3,0
8757,3,0
8763,3,0
7372,3,2
7505,3,0
7248,3,2
2598,3,9
2593,3,11
2601,3,10
2624,3,11
2628,3,20
2629,3,11
2605,3,10
1192,1,-2
7914,3,-10
9305,1,-5
7339,4,0
7338,4,4
7337,4,6
6931,3,0
7445,3,100
7647,3,0
7440,3,200
7441,3,200
721,3,1
7052,4,6
8543,3,0
8123,3,-1
9205,3,2
7483,3,11
5746,3,30
3586,3,26
28,1,60
2485,2,2
2484,2,3
8663,3,-3
7550,3,2
5776,3,0
8696,3,-4
7437,3,3
7749,3,2
8487,3,0
8488,3,0
7483,4,8
8123,4,0
5482,1,2
5481,1,2
8060,1,1
7336,1,0
5238,1,7
9306,1,-6
9009,3,4
65,3,1
7373,3,-1
7436,3,14
5363,3,2
7446,3,0
7751,3,0
7391,3,3
7910,3,3
8074,3,0
7783,3,20
7390,3,-2
7641,3,0
8233,3,0
7910,4,2
797,4,0
8233,4,0
7390,4,2
7641,4,0
7433,3,13
5734,1,6
5734,3,0
7681,3,5
7682,3,-4
8780,3,21
2910,3,1
5607,1,0
952,1,1
3971,1,6
4642,1,0
9,4,40
5628,4,0
7871,2,3
5532,2,1
2750,2,3
2219,2,6
8207,1,0
3031,3,-3
8473,3,-1
4194,1,27
4197,1,10
4200,1,6
4172,1,23
5007,1,11
3314,1,0
7732,3,4
8962,1,12
3812,1,6
4173,1,11
4185,1,6
4187,1,22
4186,1,10
4170,1,7
4195,1,5
4164,1,3
4201,1,4
4159,1,22
7179,3,-4
3570,3,-1
5795,3,-1
1677,3,-3
5696,1,0
8290,1,2
1838,1,3
4182,1,25
4181,1,4
4982,1,3
5001,1,2
4995,1,1
5326,2,2
889,2,1
5155,4,-1
1598,3,-2
7352,1,99
7097,3,5
7684,3,2
8177,3,8
7392,3,0
7813,3,0
7658,3,1
7393,3,2
8341,3,2
7352,3,46
8179,3,12
3623,2,1
3596,2,3
9197,2,3
237,4,0
8704,4,0
7282,4,4
48,4,6
9116,4,4
8710,2,2
9308,1,5
7764,3,2
7795,3,0
8182,3,3
8182,4,4
9309,1,-4
6983,1,4
6108,3,0
3874,1,7
7817,3,7
9084,3,3
9092,3,5
691,1,1
378,3,9
1407,3,-3
4547,3,0
8177,4,3
8537,2,0
7548,3,-7
8178,3,4
8317,3,6
7730,3,14
5801,4,0
628,1,-9
8385,4,0
3906,4,3
7817,4,4
3636,1,0
4697,3,100
9256,3,3
7654,3,24
3204,3,44
322,3,4
5593,3,-1
3877,1,9
3636,3,0
7663,3,-3
7968,3,4
7969,3,-7
8085,3,4
7821,3,0
8859,3,3
8732,3,5
6643,3,-1
9316,1,1
7866,3,7
9303,3,0
3636,4,0
7970,4,0
8085,4,9
7821,4,0
8732,4,0
7663,4,-1
9068,4,7
7761,3,1
7970,3,2
2407,3,-3
7829,4,48.5
7761,4,0
8094,4,0
7391,4,13
7461,3,-1
9016,3,3
9014,3,1
9015,3,0
7992,3,11
7960,3,9
8835,3,8
7912,3,13
8183,3,13
8415,3,6
5043,3,-2
8119,3,-2
1664,2,0
1850,2,0
7788,2,0
7809,4,0
3298,1,0
7833,4,1035
6332,3,4
5360,3,0
7626,3,1
1032,3,1
3986,3,6
7770,3,4
9090,3,3
8143,3,2
7840,3,4
7769,3,2
7839,3,1
7838,3,1
7785,3,1
7837,3,1
1036,3,0
7768,3,1
295,3,1
1280,3,1
8098,3,1
8097,3,1
2183,3,1
8095,3,1
9049,3,2
7793,3,1
8024,3,0
521,1,39
308,3,1
416,1,-3
4698,3,50
8561,4,0
9189,3,1
464,3,-3
5565,1,1
8724,4,0
8725,4,1
7461,4,0
4682,4,53
2233,4,1
1920,3,18
7319,4,206
731,4,5
8331,1,-22
7325,3,1
8435,3,4
5800,3,0
9318,3,-16
380,4,7
4543,4,0
8148,3,2
8169,3,0
7444,3,0
7502,4,16
8239,3,0
7841,3,1
8125,3,7
8577,3,6
8578,3,7
7961,3,16
8189,3,0
8752,3,0
8214,3,5
4034,3,-30
7762,3,-10
9313,1,-8
5682,3,2
5660,1,-5
3732,1,0
3725,1,0
3722,1,5
3721,1,1
3731,1,6
5659,3,3
5660,3,3
3723,3,0
3725,3,0
3721,3,1
8033,3,4
8099,3,3
8045,3,5
8056,3,4
7980,3,1
7981,3,4
8046,3,4
9083,3,3
7913,3,2
8170,3,2
8030,3,10
7763,3,10
8555,4,0
2763,3,21
4111,3,-4
7796,4,-2
1630,4,1
7980,4,5
8918,4,1
2453,4,39.5
8702,3,3
3762,1,0
3137,1,0
9327,1,-80
5793,1,2
2111,1,3
7344,1,0
6452,1,3
5545,1,1
2135,1,0
6453,1,0
6471,1,0
1912,1,2
7376,3,5
1926,1,0
1919,1,0
7762,4,17
7841,4,13
8577,4,5
8125,4,11
8578,4,4
7961,4,5
8239,4,0
8189,4,0
8752,4,0
8214,4,2
1912,3,2
5793,3,7
6119,3,0
6453,3,0
5792,3,1
2111,3,1
8416,3,6
8836,3,6
8184,3,2
5303,3,-1
6435,3,0
6116,3,0
8026,3,12
6034,4,5
6037,4,4
9014,4,0
6435,4,0
2100,4,6
2101,4,0
8772,4,10
8775,4,0
8479,4,0
8773,4,0
2099,4,2
8027,3,24
4040,3,20
8332,3,5
8171,3,10
8034,3,10
8031,3,5
4035,3,2
8837,3,5
2681,1,127
7748,1,1
2111,4,3
8631,4,3
7344,4,0
8110,4,6
8111,4,2
8225,4,4
7327,4,0
6471,4,3
5793,4,4
1912,4,1
1933,4,1
7536,3,-1
9329,1,2
9015,4,0
7756,3,100
2681,3,4
3342,1,4
5682,1,3
440,4,14
3716,4,4
8045,4,5
5659,4,2
8099,4,3
8056,4,4
5658,4,0
7136,4,0
7541,4,1
3719,4,0
4422,3,-1
5190,4,0
6518,2,0
2629,2,0
2478,1,0
7505,4,4
8859,4,0
9330,1,0
8433,4,-2
9331,1,52
9332,1,2
9334,1,0
9176,3,4
9178,3,4
3722,4,3
3732,4,0
5660,4,0
2351,1,0
9336,1,0
8131,3,17
8586,3,0
5810,3,4
2351,3,4
7745,3,18
7867,3,3
7210,3,0
9336,3,2
2410,3,4
2351,4,0
5254,4,1
1593,4,0
7884,4,10
8810,4,0
3586,4,10
7382,4,2
7370,4,2
3467,4,0
9336,4,2
5932,4,1
6042,4,-3
7690,4,-19
1405,4,25
8869,4,2
5836,4,53
7502,3,38
9340,1,0
9341,1,100
3318,4,7
8586,4,0
6217,1,0
9337,1,0
9338,1,0
9341,3,13
9338,3,6
9337,3,-213
6217,3,-3
7435,4,0
2758,3,0
2313,1,0
9342,1,4
9343,1,5
9344,1,0
9345,1,7
1812,4,15
7975,4,0
8057,4,5
3250,4,5
6825,4,7
3243,4,1
2759,4,0
2758,4,0
2760,4,0
9346,1,4
9347,1,4
9348,1,0
9349,1,11
2710,1,-1
9346,3,4
9347,3,5
9348,3,4
9349,3,5
7654,4,14
6436,4,0
6073,4,5
8108,4,3
2158,4,7
8044,4,0
1670,4,0
9141,4,0
8353,4,0
8133,4,8
8350,4,1
7084,4,28
4689,4,100
4688,4,100
4685,4,200
4686,4,100
8178,4,8
9284,3,3
9187,3,4
2313,3,17
7972,3,-1.2
9350,1,65
4691,4,60
6223,3,1
9351,1,0
7672,3,-1
9352,3,1
7445,4,-100
1609,4,-100
303,4,-30
983,3,-1
9353,1,23
7575,3,2
8482,4,22
7090,4,13
7089,4,12
7081,4,14
7082,4,12
215,2,0
6476,4,20
7512,3,-1
7887,3,-1
5877,3,-1
9359,1,34
9256,4,2
9359,3,5
4782,2,0
1381,2,0
8684,3,-3
9354,1,0
9355,1,0
9356,1,0
9354,3,0
9355,3,0
9356,3,0
1957,1,2
1937,1,0
1941,1,0
9360,1,3
8679,3,-1
1096,3,-1
8308,3,-1
8334,4,6
3100,3,-1
9344,3,-1
7886,3,4
1957,3,1
1937,3,0
1941,3,0
143,3,-1
8680,3,-2
9362,1,16
9363,1,2
9364,1,3
9365,1,20
9366,1,0
9367,1,0
7746,3,-36
9368,1,0
9369,1,0
938,3,3
9365,3,8
9368,3,0
9370,1,3
4441,3,0
4435,3,4
9369,3,-3
6947,3,-2
2931,4,11
8115,3,-1
9371,1,50
9372,1,25
9373,1,8
9374,1,1
9375,1,1
9374,3,1
9373,3,2
9372,3,200
9371,3,85
500,3,-3
9375,3,4
9376,1,1
9377,1,7
5181,4,0
8873,4,4
9096,4,1
6587,4,2
3577,1,5
9378,1,7
9379,1,9
9380,1,7
9381,1,4
9382,1,1
3603,1,0
9383,1,0
8443,3,-2
7423,3,-1
323,4,1036
9385,1,18
9386,1,4
9387,1,0
9388,1,0
9389,1,7
4399,3,-1
9390,1,3
9391,1,7
9392,1,0
9394,1,1
9395,1,2
9396,1,2
9397,1,1
9398,1,0
9399,1,5
2453,3,75
9400,1,23
9401,1,0
9402,1,3
7796,3,0
8558,3,0
1361,2,0
9403,1,13
9409,1,0
9410,1,0
9412,1,0
9407,1,0
9408,1,0
9405,1,10
9406,1,0
9413,1,1
9411,1,0
9404,1,0
9407,4,0
9408,4,17
9405,4,5
9406,4,6
9413,4,0
9411,4,1
9404,4,0
3659,4,7
9409,3,-7
9410,3,0
9412,3,-2
9407,3,-50
9408,3,-30
9406,3,4
9405,3,5
9413,3,0
9411,3,1
9404,3,0
5561,3,24
5735,1,0
6458,4,0
9118,4,15.2
6348,3,2
7757,3,0
9415,1,0
9416,1,0
9417,1,0
9418,1,0
9414,1,0
7429,3,0
5160,4,0
8416,4,2
230,4,2
6233,3,-10
8365,4,0
1149,1,-8
9419,1,31
9420,1,20
9421,1,40
9422,1,35
9423,1,16
9424,1,3
9419,3,4
9420,3,13
9421,3,9
9422,3,11
9423,3,11
9424,3,6
9425,1,93
9426,1,0
9427,1,6
9428,1,1
9429,1,0
9430,1,0
9431,1,0
9432,1,0
9433,1,0
9434,1,0
9435,1,1
9436,1,0
9425,3,18
9426,3,0
9427,3,3
9430,3,1
9432,3,0
7375,4,4
9429,3,1
9435,3,3
9436,3,3
9431,3,1
9434,3,2
9437,1,582
9438,1,5
9439,1,0
9440,1,5
9441,1,0
9027,3,-5
7176,1,-4
1740,1,0
9441,3,1
2149,3,-1
3362,3,0
9454,1,5
9453,1,8
9452,1,8
9451,1,0
9447,1,4
9445,1,0
9446,1,2
9450,1,1
9449,1,4
9448,1,0
9444,1,0
9443,1,-69
9442,1,0
9443,4,0
9444,4,0
9445,4,3
9446,4,3
9447,4,3
9450,4,1
9449,4,3
9448,4,3
6217,4,0
9451,4,0
9412,4,0
9452,4,14
9453,4,5
9454,4,0
9442,3,-24
9443,3,5
9444,3,2
9454,3,-4
9453,3,4
9452,3,8
9451,3,0
9450,3,3
9449,3,3
9448,3,3
9447,3,3
9445,3,3
9446,3,3
2033,3,-4
9455,1,1
9456,1,0
9457,1,0
2097,3,0
5680,3,1
5685,3,1
9455,3,1
9456,3,1
9457,3,0
2274,1,6
9428,3,3
9461,1,14
9461,3,0
9462,1,3
9463,1,-1
9466,1,0
9467,1,71
9468,1,12
9469,1,59
9470,1,0
9471,1,1
9472,1,0
9473,1,-2
4199,1,7
9472,3,1
9462,3,-12
9467,3,15
9468,3,17
9469,3,40
9470,3,0
3012,3,0
9494,1,30
9495,1,1
9496,1,49
9497,1,25
9498,1,5
9499,1,14
9500,1,0
9501,1,1
9502,1,0
9503,1,1
9504,1,-1
9505,1,-1
9506,1,0
9509,1,42
9510,1,30
9511,1,0
9506,3,0
9500,3,9
9511,3,13
9504,3,2
9505,3,0
9464,1,0
9512,1,0
9515,1,1
9507,1,1
9517,1,0
9513,1,25
9514,1,9
9508,1,3
9493,1,0
9492,1,1
9491,1,0
9490,1,18
9489,1,0
9488,1,16
9487,1,6
9486,1,18
9485,1,5
9484,1,0
9483,1,21
9482,1,8
9481,1,0
9480,1,13
9479,1,67
9516,1,0
9478,1,18
9477,1,65
9476,1,1
9475,1,0
9474,1,0
9486,4,0
9487,4,0
9489,4,0
9516,4,0
9474,4,0
9483,4,3
9512,4,0
9513,4,0
9515,4,0
9485,4,0
9480,4,0
9476,4,0
9481,4,0
9478,4,0
9491,4,0
9482,4,0
9508,4,0
9475,4,9
9490,4,0
9477,4,5
9493,4,0
9492,4,0
9507,4,0
9474,3,0
254,2,45
259,2,20
9522,1,0
9514,4,0
2613,4,0
9462,4,0
6666,2,1
9108,2,3
7878,2,3
797,2,1
9493,3,-3
2995,3,-20
9523,1,0
9477,3,8
9524,3,1
8277,3,-2
9491,3,-9
9490,3,0
7575,4,5
6983,4,3
9525,1,-1
9525,3,5
9526,1,38
9476,3,-12
9527,1,41
9528,1,11
9529,1,3
9530,1,12
9531,1,0
9532,1,0
9541,3,23
9535,1,0
9536,1,0
9537,1,6
9539,1,43
9538,1,37
9540,1,29
9533,1,0
9534,1,6
9542,1,8
9543,1,7
9544,1,2
9545,1,19
9546,1,15
9547,1,0
9542,3,5
9543,3,4
9544,3,1
9534,3,5
9513,3,-4
9435,4,3
9506,4,0
8836,4,4
9548,1,20
101,3,-1
9482,3,5
9249,1,1
97,1,-2
5246,2,0
6564,2,0
1423,2,0
8416,2,0
4916,2,0
9428,4,2
7481,3,12
9549,1,2
9492,3,-1
9501,3,-7
9502,3,46
7482,4,0
9550,1,65
9551,1,0
1115,3,-1
9551,3,9
9495,3,13
4663,3,200
9243,1,0
9566,1,23
9557,1,1
9573,1,0
9563,1,0
9571,1,0
9562,1,1
9575,1,0
9568,1,2
9565,1,7
9567,1,-7
9572,1,18
9558,1,-14
9556,1,0
9559,1,2
9560,1,0
9553,1,0
9569,1,0
9564,1,0
9561,1,3
9574,1,0
9555,1,0
9552,1,1
9570,1,0
9471,3,1
9552,3,0
9569,3,-7
7473,3,5
9574,4,0
9561,4,5
9010,4,0
9369,4,0
9566,4,7
9559,4,0
9555,4,4
9570,4,0
9573,4,0
9563,4,3
9557,4,0
9569,4,0
9564,4,4
9556,4,20
9560,4,0
9567,4,2
9399,3,4
9242,1,-1
492,3,0
9579,1,72
9580,1,0
9581,1,3
9582,1,0
9583,1,0
9584,1,2
9585,1,0
9586,1,0
9587,1,12
9588,1,18
9589,1,9
9590,1,1
9591,1,-4
9592,1,5
9593,1,5
9594,1,0
9595,1,1
9596,1,1
9500,4,8
9340,3,0
9579,3,89
3044,4,3
9217,4,0
4696,1,100
9479,4,-2
9596,3,0
3722,3,3
9592,3,2
9594,3,0
9593,3,4
9595,3,1
9591,3,6
9580,3,0
9582,3,1
9583,3,3
9586,3,2
9590,3,3
7645,4,12
9589,3,5
9585,3,2
9584,3,2
5737,2,100
9570,3,-21
9597,1,0
9598,1,2
1609,3,100
9587,3,6
5626,3,-1
9599,1,0
9343,3,3
9599,3,1
9564,3,-4
9555,3,-10
9600,1,43
9600,3,7
7318,4,1
9600,4,14
9601,1,1
9602,1,13
9603,1,20
9604,1,1
9605,1,1
9606,1,6
8983,3,-1
9507,3,-9
9517,3,1
362,4,6
363,4,14
364,4,6
9601,3,4
9602,3,5
9603,3,4
9604,3,4
9605,3,4
9606,3,3
9608,1,32
9541,4,14
9609,1,35
9610,1,-4
9611,1,0
3941,1,28
8206,3,-2
9610,3,0
9485,3,-1
6433,4,8
9579,4,24
8949,4,53
3623,4,4
5097,3,0
8334,3,8
9612,1,21
9613,1,0
9614,1,0
9615,1,0
9616,1,0
9617,1,0
9618,1,38
9619,1,0
9615,3,3
9616,3,1
9617,3,3
9618,3,9
9619,3,5
9550,3,10
9612,3,8
9613,3,0
9614,3,0
8748,4,0
9615,4,7
9616,4,0
8937,4,1
9558,4,20
9565,4,1
9562,4,7
9572,4,8
9571,4,0
1092,3,-1
9518,1,1
9190,3,85
7342,4,-1
213,3,3
9607,1,0
9588,3,9
9621,1,0
8224,4,300
9618,4,3
9617,4,4
9496,4,1
9467,4,3
9571,3,0
9622,1,0
9623,1,20
9624,1,0
9624,3,1
9623,3,17
9622,3,0
9463,3,8
9548,3,4
7459,3,9
3990,4,105
4100,1,0
9521,1,0
9581,3,-2
8466,3,3
3202,3,10
9626,1,6
9627,1,0
9628,1,7
9629,1,12
9563,3,1
9619,4,3
9627,3,0
9628,3,3
9629,3,10
9362,3,5
7650,3,-1
9630,1,45
9631,1,1
9632,1,31
9633,1,9
9494,3,11
9631,3,17
9632,3,6
9633,3,10
8769,4,0
7439,4,6
4690,4,100
9634,1,-2
9629,4,0
5580,3,-1
1307,3,3
9573,3,-3
9635,1,-7
9636,1,36
9637,1,0
9638,1,0
501,3,4
9636,3,0
7964,3,0
9639,1,47
9181,4,7
5273,4,7
6512,3,3
9641,1,0
9642,1,0
9643,1,2
9644,1,0
1109,3,-3
9637,3,3
9638,3,1
9641,3,10
9642,3,5
9643,3,5
9645,1,1
182,4,3
9645,3,0
8802,3,146
53,2,0
9640,3,-333
1411,4,899
9646,1,0
9647,1,0
9648,1,4
9649,1,4
9650,1,1
9651,1,17
9652,1,4
9653,1,2
9654,1,0
9655,1,0
9656,1,0
9657,1,1
9658,1,1
9659,1,0
9660,1,2
9661,1,15
9662,1,0
9663,1,0
9664,1,0
2410,4,0
9646,3,0
9647,3,1
9648,3,1
9649,3,3
9651,3,5
9652,3,3
9653,3,2
9654,3,2
9655,3,0
9656,3,2
9657,3,1
9658,3,0
9659,3,0
9661,3,4
9662,3,0
9663,3,2
9664,3,0
9665,1,0
9666,1,3
9667,1,2
9668,1,0
9669,1,0
9670,1,114
9521,3,-2
7051,3,-2
5217,4,0
9671,1,51
9672,1,22
9673,1,0
9674,1,0
9675,1,125
7175,4,0
8072,4,100
6986,1,-1
898,3,0
9665,3,0
9666,3,3
9668,3,0
9669,3,0
9670,3,23
9672,3,18
9673,3,0
9674,3,9
9675,3,16
9671,3,10
9635,3,1
9194,3,87
9676,1,31
9677,1,18
9678,1,0
9679,1,26
9680,1,25
9681,1,0
9682,1,-1
9683,1,-4
9684,1,2
9685,1,18
9684,3,0
9683,3,4
9682,3,3
9681,3,5
9680,3,12
9679,3,6
9676,3,9
9677,3,8
9678,3,9
4176,3,-1
5518,3,-2
9686,1,0
9687,1,14
9688,1,192
9689,1,1
9690,1,0
9689,4,4
9338,4,7
9680,4,0
9676,4,7
9677,4,6
9678,4,5
9689,3,0
9686,3,2
9687,3,4
9690,3,2
9691,1,1
2664,1,0
9693,1,0
9692,1,4
7075,3,5
7453,3,-4
8070,3,0
8071,3,0
7475,3,1
4011,3,2
4326,3,0
9694,1,8
9695,1,0
9695,3,0
9694,3,7
8140,4,0
9679,4,1
120,4,3
9583,4,2
9694,4,2
9646,4,0
9647,4,0
8033,4,1
7913,4,0
9582,4,0
9585,4,0
9599,4,0
9691,4,2
9651,4,3
9587,4,14
9519,3,-2
9696,1,-1
692,1,0
9350,3,14
9697,1,4
283,3,-2
9698,1,69
9699,1,0
9700,1,0
9701,1,1
9702,1,54
9703,1,79
9704,1,85
9705,1,25
9703,3,24
9704,3,22
9705,3,5
7428,4,0
9695,4,0
378,4,0
9706,1,7
9342,4,2
9707,1,20
9708,1,10
9709,1,18
9710,1,0
7352,4,61
6922,3,0
9706,3,3
9707,3,7
9708,3,9
9709,3,10
3504,1,18
3333,1,20
4386,1,4
4378,1,16
3338,1,0
4379,1,87
5759,1,28
5978,1,36
3503,1,22
5279,3,18
5978,3,11
3333,3,3
5979,3,12
4378,3,4
4379,3,16
3332,3,1
3338,3,0
5912,3,8
8412,3,-1
9711,1,79
9388,3,1
7759,3,300
9711,3,11
9417,3,3
9458,1,-10
2155,3,-1
5849,4,-2
9712,1,0
9713,1,0
9714,1,0
9715,1,0
9716,1,0
9717,1,24
9718,1,0
9712,3,0
9713,3,7
9714,3,0
9716,3,5
9715,3,8
9717,3,-1
9718,3,-2
9719,1,4
9720,1,0
9721,1,0
9722,1,13
9723,1,0
9724,1,59
9725,1,0
9726,1,1
9727,1,6
9723,3,4
9724,3,9
9725,3,3
9721,3,1
9720,3,1
9722,3,0
9726,3,-15
9727,3,-15
9728,3,4
9729,1,0
9730,1,0
9731,1,0
9732,1,8
9733,1,-1
9734,1,23
9735,1,562
9736,1,38
9110,3,-1
9737,1,-8
9737,3,0
4318,3,4
8603,3,4
9738,1,16
9739,1,0
9740,1,5
9741,1,2
9742,1,1
9743,1,5
9744,1,7
8182,2,0
8836,2,0
5297,2,0
9745,1,1
9746,1,5
9747,1,0
9748,1,11
727,3,-1
9749,1,3
9751,1,0
4804,1,-2
9755,1,5
9750,1,1
9752,1,0
9753,1,0
9754,1,0
7527,3,-1
3102,1,-3
9763,3,3
9748,3,2
9749,3,3
9751,3,2
2135,3,0
9756,1,21
9755,3,10
9757,1,18
9758,1,12
9752,3,0
9759,1,24
9760,1,2
9761,1,0
9762,1,5
9763,1,5
9764,1,1
9765,1,2
9766,1,0
9767,1,0
9768,1,3
9769,1,48
9746,3,0
9747,3,0
3731,3,3
9738,3,5
9739,3,3
9743,3,3
9744,3,3
9740,3,2
1022,4,3
1023,4,3
9770,1,0
9771,1,0
9772,1,0
8828,3,4
9716,4,3
9712,4,0
9774,1,13
9775,1,-2
9776,1,20
9777,1,33
9769,3,8
9778,1,0
9778,3,8
9496,3,18
1339,3,4
9779,1,101
9780,1,0
9781,1,55
9779,3,16
9780,3,20
9781,3,15
9187,4,4
2708,3,0
9782,1,2
9783,1,96
9784,1,0
9785,1,6
9784,3,2
9785,3,5
9782,3,1
5964,4,10
9760,4,2
9763,4,5
7433,4,9
9755,4,4
9718,4,0
3301,4,0
9778,4,0
9733,4,6
9734,4,22
9767,4,0
9765,4,6
9620,1,-6
7111,4,11
3712,4,45
6019,4,7
6773,3,5
3942,3,-1
9754,4,0
7886,4,4
9764,4,4
9752,4,0
2664,4,2
2671,4,0
7389,4,0
8022,4,3
8584,4,8
8255,4,4
8198,4,5
8009,4,7
8731,4,4
9082,4,6
8010,4,0
8038,4,4
7481,4,7
8039,4,4
8040,4,5
9292,3,0
8947,3,2
8306,3,8
2478,3,0
9733,3,0
9734,3,19
7724,3,-2
9342,3,3
9688,3,31
3773,1,0
9574,3,-2
3773,3,6
7389,3,10
8022,3,6
7995,3,19
7984,3,12
8471,3,7
8009,3,11
8731,3,14
9082,3,12
8088,3,12
8970,3,12
8388,3,11
8584,3,11
8198,3,10
7988,3,12
7998,3,13
8010,3,27
8036,3,-11
8038,3,10
8197,3,9
8008,3,11
8199,3,12
8472,3,8
8176,3,13
8124,3,13
8196,3,10
8212,3,13
8003,3,13
8252,3,13
7549,3,1
8834,3,1
7994,3,6
8144,3,14
8213,3,11
8201,3,10
7989,3,12
8253,3,11
7959,3,8
7996,3,12
8729,3,7
7374,3,13
8039,3,14
8040,3,7
7993,3,1
8707,3,11
7990,3,13
8202,3,0
8670,4,1
5102,2,0
528,2,0
5112,2,0
9786,1,45
9786,3,20
7915,3,8
7916,3,2
4557,1,5
8790,3,2
8791,3,3
8792,3,20
5034,1,4
5036,1,6
5038,1,12
5031,1,1
5030,1,7
5033,1,0
2648,3,11
9787,3,-1
9788,3,0
9789,3,0
9790,3,2
9791,3,0
6347,1,0
5909,1,1
5521,1,1
5906,1,5
5523,1,-2
5904,1,0
5905,1,0
4728,1,8
6079,1,3
2441,1,4
2346,1,1
2350,1,17
2345,1,7
2344,1,8
2376,1,7
2367,1,0
2435,1,0
2433,1,3
2314,1,2
2420,1,156
2346,3,1
2344,3,1
2376,3,1
2425,1,1
6263,1,18
6100,1,4
2429,1,3
6132,1,3
2421,1,-1
6081,1,1
6131,1,2
6075,1,0
2367,3,2
2433,3,1
2314,3,0
2412,3,2
2418,3,20
2420,3,3
9093,3,3
9094,3,3
9095,3,2
6347,3,0
6345,3,0
6346,3,5
6344,3,0
5523,3,0
5904,3,0
5905,3,1
7906,3,7
7962,3,-8
8705,3,3
2421,3,1
6131,3,0
9458,3,-1
9768,3,5
6455,3,2
6274,3,2
5545,3,4
5741,1,167
6228,3,3
5036,3,5
5029,3,3
6039,3,10
9091,3,0
5033,3,0
2425,3,5
6100,3,0
2429,3,2
6132,3,2
9793,1,26
9792,1,0
9793,3,5
9792,3,1
7528,3,0
9794,1,0
9795,1,0
9796,1,7
9797,1,19
9798,1,8
9799,1,6
9800,1,0
9801,1,0
9794,3,16
9795,3,0
9796,3,19
9797,3,0
9800,3,2
9799,3,2
9769,4,6
9767,3,0
9765,3,0
9802,1,0
9803,1,4
9807,1,-5
9806,1,0
9805,1,12
9808,1,0
9809,1,52
9810,1,31
9811,1,87
3003,3,-2
9577,1,1
9806,3,0
7661,3,2
9812,1,0
9813,1,20
9814,1,41
9815,1,9
9816,1,4
9817,1,0
9818,1,0
9819,1,36
9820,1,5
9821,1,20
9822,1,-5
9823,1,15
9824,1,-3
9822,3,2
9812,3,0
9813,3,6
9814,3,6
9815,3,4
9816,3,4
9817,3,1
9818,3,2
9819,3,9
9823,3,4
5859,4,4
5736,4,0
785,4,0
7958,3,-0.5
4728,3,3
7860,4,0
9441,4,0
9575,3,-3
9825,1,5
9826,1,0
9827,1,0
9828,1,3
9829,1,0
9830,1,1
9831,1,1
9832,1,0
9833,1,0
9834,1,24
9835,1,5
9836,1,4
9837,1,0
9838,1,0
9839,1,1
9840,1,3
9841,1,4
9842,1,7
9843,1,1
9844,1,0
9845,1,0
9846,1,4
9847,1,1
9848,1,3
9849,1,23
9850,1,9
9851,1,20
9852,1,1
9853,1,-13
9848,3,1
9826,3,0
9842,3,5
9846,3,3
9825,3,5
9837,3,0
9843,3,3
9832,3,0
9833,3,2
9831,3,1
9827,3,0
9847,3,1
9829,3,2
9828,3,2
9830,3,1
9836,3,5
9835,3,10
9834,3,7
9840,3,4
9839,3,7
9841,3,5
183,4,117
9822,4,0
7145,4,0
1795,4,2
7958,4,0
7114,4,9
9854,1,2
153,4,26
6422,3,-1
9855,1,0
9224,4,4
8763,4,3
9807,3,8
9855,3,0
9856,1,18
9857,1,5
9858,1,19
9859,1,3
9860,1,10
9861,1,0
9862,1,0
9863,1,38
9556,3,-14
9861,3,0
9862,3,0
9863,3,5
9856,3,8
9857,3,8
9858,3,9
9859,3,10
3301,3,2
2421,4,0
6081,4,0
6131,4,0
5533,4,45
9864,1,287
9865,1,0
9866,1,0
9864,3,103
9865,3,2
9866,3,12
9867,1,0
9868,1,3
5413,3,0
9869,1,0
9870,1,0
9871,1,3
9872,1,0
9873,1,45
9875,1,0
9876,1,3
9877,1,1
9874,1,0
6359,4,5
4804,4,1
9867,3,0
9868,3,4
9869,3,0
9870,3,1
9871,3,4
9872,3,0
9873,3,0
9875,3,2
9876,3,3
9877,3,4
9874,3,2
128,4,8
9831,4,1
9832,4,1
9833,4,2
8966,4,10
8247,4,18
9879,1,3
9880,1,12
9878,1,43
6383,3,4
9085,3,4
9559,3,15
9481,3,-5
9562,3,7
9475,3,3
5560,4,0
8492,4,-1
5816,3,6
6079,3,1
9879,3,2
9880,3,2
9878,3,7
9838,3,3
9845,3,0
1369,4,0
1440,4,0
8978,4,-5
9667,3,3
9881,1,9
9882,1,24
9883,1,2
9881,3,1
9478,3,10
9560,3,1
2461,4,-2
7223,1,3
9872,4,0
3042,4,-1
1214,1,-4
1146,1,-1
9895,1,23
9895,3,15
9894,1,76
9894,3,13
9464,3,0
9892,1,2
9892,3,2
9891,1,-3
9891,3,1
9889,1,5
9889,3,-2
9890,1,0
9890,3,-7
9887,1,7
9888,1,4
9896,1,8
9897,1,0
9898,1,1
9899,1,5
9900,1,0
9893,1,2
9901,1,2
9902,1,0
9903,1,4
9904,1,6
9902,3,2
6515,3,2
9904,3,3
9901,3,3
9900,3,1
9899,3,1
9898,3,1
9897,3,1
9896,3,2
9888,3,2
9887,3,2
9886,1,0
9905,1,3
9906,1,0
9907,1,1
9908,1,6
9909,1,0
9910,1,75
9911,1,1
9912,1,1
9913,1,0
9914,1,0
9915,1,45
9916,1,40
9917,1,1
9918,1,2
9919,1,0
9920,1,15
9921,1,9
9922,1,1
9804,1,10
8271,3,1
8947,4,2
9542,4,1
9543,4,3
9905,3,2
9906,3,3
9907,3,2
9908,3,3
9909,3,1
9910,3,20
9911,3,10
9912,3,5
9913,3,8
9914,3,0
9915,3,15
9916,3,13
9917,3,10
9918,3,6
9919,3,-5
9920,3,12
9922,3,2
9921,3,10
1879,3,0
9923,1,10
9924,1,10
9925,1,0
9926,1,0
9927,4,7
9928,4,0
9745,3,1
9926,3,0
8793,3,26
9925,3,10
9923,3,2
9924,3,3
9929,1,79
9930,1,51
9931,1,14
9929,3,13
9930,3,10
9931,3,8
9932,1,0
7918,3,3
9935,1,-1
9934,1,32
8730,1,0
9933,1,0
9936,1,2
9937,1,7
9938,1,6
9939,1,31
9940,1,3
9941,1,25
9942,1,21
9965,1,2
9944,1,2
9945,1,1
9946,1,50
9947,1,0
9948,1,6
9949,1,4
9950,1,2
9951,1,2
9952,1,2
9953,1,20
9954,1,20
9955,1,19
9956,1,20
9957,1,5
9958,1,1
9959,1,6
9960,1,5
9961,1,3
9962,1,0
9963,1,-1
9964,1,8
9966,1,142
7477,3,-2
9437,3,100
9966,3,30
4053,2,50
9967,1,4
9968,1,17
9969,1,2
9970,1,0
9971,1,8
9972,1,-2
9973,1,28
9974,1,18
9975,1,1
9884,1,0
9977,1,11
9978,1,16
5197,4,2
9979,1,5
9980,1,0
9981,1,4
9982,1,0
9983,1,14
9977,3,18
9978,3,11
9976,1,1
5282,3,-2
9844,3,0
193,4,23
9551,4,4
1298,4,55
9985,1,3
9951,3,2
9883,3,6
9950,3,2
8758,3,-1
9783,3,15
9936,3,0
4696,3,50
7248,4,0
9051,4,100
4729,4,3
4915,4,2
8923,4,0
9609,3,8
9394,3,0
9609,4,0
9801,3,0
6611,3,0
9339,1,0
9519,1,0
9520,1,1
5936,4,1
9853,4,-2
5742,3,3
9989,1,0
9990,1,3
9436,4,3
9992,1,0
5898,1,-1
1187,3,-1
9995,1,2
9996,1,8
3101,3,-1
9996,3,9
9997,3,0
9935,3,10
7093,3,4
7087,3,4
7095,4,9
7096,4,-8
9696,4,97
9998,1,13
9999,1,16
10000,1,3
10001,1,5
10002,1,3
10003,1,8
10004,1,1
10005,1,0
10006,1,1
10007,1,5
10008,1,0
10009,1,4
10010,1,2
10011,1,8
10012,1,9
10013,1,4
10014,1,9
10015,1,9
10016,1,15
10017,1,1
10018,1,13
10019,1,0
10020,1,3
10021,1,3
10022,1,4
10023,1,4
5638,4,70
10022,3,2
10023,3,0
9754,3,5
10016,3,4
10020,3,3
10021,3,2
9998,3,5
9999,3,5
10000,3,2
10001,3,2
10002,3,5
10003,3,4
10004,3,0
10005,3,0
10006,3,3
10008,3,0
1614,2,100
453,2,10
753,4,100
10024,1,-16
1095,4,6
1376,3,-5
10025,1,0
10026,1,10
10027,1,6
10028,1,1
3280,3,1
10029,1,4
10030,1,16
10031,1,1
10032,1,64
10033,1,70
10034,1,42
10035,1,46
10036,1,0
9870,4,0
9868,4,3
9871,4,0
2305,3,-1
10042,1,177
10039,1,5
10040,1,1
10041,1,9
9923,4,3
9963,3,0
10043,1,4
10037,1,11
10038,1,2
10044,1,2
10045,1,3
10046,1,23
10047,1,17
10048,1,7
10049,1,10
10050,1,1
10051,1,5
10052,1,7
10053,1,4
10054,1,2
10056,1,6
10057,1,-5
10058,1,10
10059,1,7
10060,1,15
10061,1,11
10062,1,0
10063,1,1
10064,1,15
10065,1,-48
10066,1,0
10067,1,-30
10042,3,9
8418,4,2
7960,4,7
7436,4,9
7992,4,7
8835,4,9
9350,4,8
7912,4,9
8183,4,9
9013,4,9
8317,4,8
7732,4,6
8415,4,10
8000,4,10
7503,4,6
7730,4,10
9026,4,10
868,3,26
10030,3,4
9510,3,5
9934,3,0
10028,3,18
10039,3,6
10040,3,14
10041,3,5
10025,3,4
10027,3,3
5030,3,3
10072,1,0
10073,1,0
10070,1,2
10071,1,13
10074,1,6
10075,1,4
8771,1,0
10076,1,3
10069,1,9
10068,1,8
9987,1,-1
10071,3,7
10068,3,4
10072,3,2
10073,3,7
10076,3,3
10075,3,5
10074,3,3
10075,4,2
10074,4,1
10072,4,0
10073,4,3
10070,4,5
10076,4,0
10070,3,5
10069,4,-1
1162,4,0
9843,4,4
8294,2,1
10077,1,0
10078,1,0
10079,1,0
10080,1,0
10081,1,0
10082,1,-1
480,3,-2
10078,3,2
10077,3,1
10083,1,35
10084,1,0
10085,1,0
2249,3,0
5587,4,2
9620,3,6
10086,1,232
10080,3,0
10081,3,1
10082,3,0
9735,3,54
10084,3,4
10083,3,5
10085,3,0
9760,3,1
7755,3,100
10036,3,1
10087,1,9
10087,3,20
10029,3,3
10088,1,2
8249,3,-2
10089,1,0
9948,3,3
9949,3,3
10064,3,5
10046,3,9
10047,3,9
10048,3,9
9960,3,4
10065,3,10
10060,3,9
10053,3,6
9961,3,5
10049,3,7
5686,3,-1
10090,1,62
10091,1,0
10092,1,18
10093,1,45
9174,3,200
203,3,40
10086,3,37
7885,3,100
188,3,200
7053,3,130
10091,3,0
10090,3,30
8532,3,15
1796,3,-1
7158,3,1
3334,4,1
3319,4,2
8473,4,2
9290,4,1
10095,1,1
10094,1,0
1032,4,1
9463,4,-1
9557,3,-3
10095,3,2
10094,3,6
7356,1,-1
4429,3,1
10096,1,0
10097,1,1
10098,1,0
10096,3,0
10097,3,0
10098,3,0
9332,3,0
9553,3,4
791,4,4
9345,3,5
9908,4,0
10099,1,1
8598,3,0
10115,1,1
10116,1,0
10113,1,16
10114,1,13
10117,1,1
10118,1,7
10119,1,3
10120,1,4
10121,1,12
10122,1,1
10123,1,9
10124,1,2
10125,1,6
10126,1,9
10127,1,9
10128,1,10
10129,1,9
10130,1,8
10131,1,4
10132,1,13
10133,1,4
10134,1,1
10135,1,4
10136,1,2
10137,1,1
10138,1,7
10139,1,0
10140,1,1
10141,1,0
10142,1,0
10143,1,2
10144,1,0
10145,1,1
10146,1,2
10100,1,0
10101,1,1
10102,1,4
10103,1,4
10104,1,3
10105,1,0
10106,1,0
10107,1,1
10108,1,0
10109,1,4
10147,1,2
10111,1,5
10112,1,15
10148,1,10
10149,1,10
10150,1,10
10151,1,9
10152,1,9
10153,1,5
10154,1,1
10155,1,5
10156,1,0
10157,1,0
10158,1,2
10159,1,3
10160,1,1
10161,1,0
10162,1,1
10163,1,7
10164,1,4
10116,3,6
10115,3,2
10026,3,5
10113,3,5
10114,3,4
10133,3,5
10136,3,4
10137,3,0
10138,3,2
10139,3,0
10140,3,0
10141,3,1
10142,3,2
10037,3,8
10121,3,1
10057,3,4
10050,3,5
7918,4,5
3986,4,7
9205,4,0
10165,1,60
10166,1,14
10100,3,1
10101,3,0
10102,3,3
10103,3,3
10104,3,3
10105,3,2
10106,3,0
10107,3,0
10108,3,1
10147,3,1
10111,3,3
10148,3,4
10149,3,8
10150,3,6
10151,3,6
10152,3,2
10153,3,9
10154,3,10
10155,3,5
10156,3,0
10157,3,0
10158,3,2
10009,3,3
10161,3,0
10162,3,2
10164,3,3
10058,3,6
10051,3,6
10130,3,4
10166,3,3
10167,1,1
10167,3,-1
8429,3,-1
10168,1,0
10169,1,2
5028,4,0
10170,1,1
10171,1,5
10172,1,0
10173,1,0
10174,1,0
9915,4,8
9917,4,0
9802,3,0
10171,3,3
10173,3,2
10175,1,0
10158,4,4
10156,4,0
9590,4,2
9580,4,0
9828,4,7
9829,4,1
9830,4,1
2172,3,6
1614,3,0
10161,4,4
9926,4,1
8470,4,0
10175,3,2
10176,3,2
10177,1,0
10178,1,0
10179,1,12
10180,1,0
10181,1,3
10177,3,1
10178,3,0
10179,3,7
10180,3,3
10181,3,2
9995,3,1
10182,1,899
10183,1,784
10184,1,170
10186,1,1125
5896,4,-1
10187,1,38
10188,1,138
10189,1,25
10190,1,10
10191,1,18
10191,3,4
10190,3,3
10189,3,4
10188,3,7
10187,3,3
5098,1,15
9178,4,3
849,4,4
10192,1,0
10193,1,0
3910,4,7
5001,3,1
1139,3,-1
10185,1,8
6982,1,0
10194,1,0
10195,1,0
10196,1,0
10197,1,3
10198,1,0
10199,1,0
10200,1,0
10201,1,0
10202,1,0
10203,1,0
10204,1,0
10205,1,0
10192,3,-18
10193,3,2
10206,1,3
10207,1,4
10208,1,18
10209,1,9
10210,1,0
10211,1,7
10212,1,7
10213,1,21
10214,1,0
10215,1,0
10216,1,0
10217,1,0
10218,1,0
3798,3,-1
7238,3,-1
10219,3,1
10195,3,5
10194,3,3
10196,3,4
10218,3,4
10201,3,18
10200,3,31
10199,3,13
10198,3,15
10205,3,19
10204,3,23
10203,3,19
10202,3,9
10215,3,10
10216,3,10
10197,3,1
10217,3,0
10178,4,0
8531,4,12
9552,4,0
10187,4,0
10188,4,0
10189,4,0
10190,4,0
10191,4,0
10222,1,-1
10206,3,9
10207,3,4
10208,3,10
10209,3,8
10210,3,10
10211,3,8
10212,3,10
10213,3,6
10214,3,4
10220,1,5
10221,1,0
10223,1,1
10224,1,2
10225,1,3
10226,1,0
10227,1,0
10228,1,0
10228,4,1
9572,3,16
9567,3,0
9483,3,9
10220,3,1
3728,3,0
10223,3,0
10224,3,1
10225,3,1
10226,3,-1
10227,3,0
9660,3,3
10195,4,3
10194,4,3
10196,4,3
10200,4,8
10199,4,4
8227,4,3
10217,4,0
10227,4,0
7786,4,1
10226,4,0
9963,4,0
10140,4,1
10141,4,0
8121,3,-3
10112,3,3
10231,1,1
10233,1,-6
10234,1,32
10235,1,30
10236,1,120
10237,1,17
10238,1,10
10239,1,1
10240,1,7
10241,1,30
10231,3,0
10234,3,7
10235,3,10
10236,3,18
10239,3,0
10240,3,4
10237,3,8
10238,3,8
7759,4,200
8091,4,0
9611,4,1
10229,1,9
10230,1,0
10242,1,21
10243,1,16
10244,1,22
10245,1,59
10246,1,28
10247,1,5
10248,1,3
10250,1,28
10249,1,30
10251,1,38
10168,3,1
10169,3,0
9514,3,7
10252,1,8
9725,4,0
3427,4,6
9426,4,0
10041,4,3
3462,4,5
10177,4,0
10253,1,0
9486,3,36
9508,3,8
10242,3,19
10243,3,14
10244,3,28
10245,3,28
10246,3,30
10247,3,3
10248,3,0
10250,3,14
10249,3,11
10251,3,33
10252,3,0
10229,3,3
10230,3,2
3247,1,-5
10251,4,0
5278,4,-2
10247,4,0
10245,4,0
10244,4,0
10248,4,0
10246,4,0
10242,4,0
10249,4,0
10250,4,0
10230,4,-4
4865,1,0
4866,1,0
10035,3,-2
10254,1,100
10255,1,35
7112,4,11
7092,4,2
10258,1,8
10257,1,1
10262,1,4
10263,1,0
10264,1,9
10265,1,0
10266,1,92
10267,1,5
10268,1,0
10254,3,0
10259,1,22
10260,1,156
10261,1,25
10269,1,5
10270,1,0
10271,1,11
10272,1,9
10273,1,0
10274,1,22
10275,1,3
10276,1,-2
10261,3,5
10259,3,9
10260,3,17
10266,3,20
10267,3,21
10268,3,3
10257,3,0
10258,3,2
10222,3,2
10279,1,24
8251,3,5
8203,3,9
8101,3,12
8801,3,9
10280,1,0
9985,4,0
2624,4,0
2598,4,0
2593,4,0
9985,3,0
10280,3,0
10281,1,2
10282,1,2
10283,1,7
8675,4,0
10281,3,11
10282,3,5
10277,1,1
10278,1,9
10277,4,0
10278,4,0
10277,3,1
10278,3,3
10284,1,32
10285,1,14
10286,1,-3
10287,1,11
10288,1,0
10289,1,1
10290,1,18
10291,1,10
10292,1,8
10293,1,3
10294,1,13
10295,1,0
10296,1,80
10297,1,47
10298,1,9
3311,1,0
3308,1,0
7010,1,5
9515,3,-6
10299,1,0
10300,1,-2
6799,4,0
10286,3,5
10287,3,4
10288,3,4
10300,3,10
10301,1,0
10302,1,0
10303,1,4
10304,1,0
10305,1,2
10306,1,0
10307,1,8
10308,1,11
10309,1,4
10310,1,3
10311,1,1
10314,1,15
10315,1,15
10316,1,6
10317,1,8
10318,1,3
10163,3,2
7861,4,1
4697,4,100
10163,4,2
10309,3,2
10310,3,1
10311,3,2
10308,3,4
10307,3,3
10301,3,0
10302,3,-12.5
10303,3,1
10304,3,0
10305,3,2
10306,3,1
10294,3,10
10284,3,10
10285,3,8
10290,3,11
6360,3,3
3308,3,1
9882,3,6
7745,4,8
10252,4,1
9805,3,3
10118,3,3
10125,3,6
10315,3,9
10314,3,9
10132,3,5
10128,3,6
10124,3,4
10256,1,46
9221,4,0
1679,3,-1
5794,3,1
9512,3,-5
489,1,0
10319,1,0
10301,4,0
10286,4,3
10288,4,1
10319,3,2
10119,3,3
10318,3,2
10317,3,4
10127,3,4
10320,1,17
10321,1,0
10322,1,0
10321,3,10
10322,3,4
10323,3,2
10324,3,3
10326,3,3
10325,3,0
10327,1,0
10328,1,0
10329,1,0
10330,1,0
10331,1,0
10332,1,0
10176,1,4
9480,3,-4
10283,3,4
10327,3,11
10328,3,5
10329,3,8
10330,3,11
10331,3,1
6456,4,2
6455,4,2
5544,4,5
2406,1,0
10320,3,12
10313,1,11
1845,1,0
8179,4,27
7770,4,3
10040,4,4
10039,4,3
10083,4,2
10084,4,3
9501,4,2
10300,4,0
10085,4,6
9487,3,-2
10333,1,81
10334,1,32
10335,1,4
5281,4,0
3053,4,4
10333,3,14
10334,3,14
10335,3,4
9440,4,4
1698,3,-22
10336,1,20
9341,4,6
9865,4,0
9864,4,12
9866,4,0
10171,4,3
1969,1,-1
7664,3,0
10327,4,5
10328,4,5
10329,4,3
10330,4,2
10331,4,1
9934,4,-10
7165,3,-3
5741,4,8
10042,4,7
10304,4,1
8539,4,6
9425,4,14
10333,4,4
10334,4,36
4484,3,6
10338,1,3
10340,1,22
10341,1,74
10342,1,0
10343,1,1
10344,1,0
10345,1,1
10346,1,29
10347,1,0
10348,1,2
10349,1,33
10350,1,6
10351,1,7
10352,1,7
10353,1,5
10354,1,11
10355,1,0
10349,3,13
10350,3,2
10351,3,2
10352,3,2
10353,3,2
10348,3,1
10347,3,1
10345,3,7
10346,3,13
9697,3,4
10344,3,3
10343,3,0
10342,3,0
10340,3,11
10316,3,3
10120,3,3
10122,3,2
10123,3,3
10126,3,5
10059,3,3
10129,3,5
10134,3,3
10182,3,48
10183,3,69
10184,3,15
9757,3,10
10186,3,74
8023,3,400
10354,3,3
146,3,10
10339,1,1
10356,1,4
10357,1,4
10358,1,2
9853,3,20
10364,1,0
10365,1,12
10366,1,3
10367,1,0
10368,1,0
10369,1,8
10370,1,4
10371,1,0
10372,1,3
10373,1,0
10359,1,0
10360,1,20
10361,1,60
10362,1,15
10363,1,0
10366,4,6
10367,4,0
10373,4,0
10160,4,3
10010,4,4
10011,4,7
10012,4,5
10013,4,6
10370,4,3
10373,3,0
10372,3,2
10371,3,2
10370,3,6
10368,3,0
10366,3,4
10367,3,0
10365,3,2
10364,3,1
10160,3,3
10109,3,2
96,4,0
7222,4,25
10363,3,3
10359,3,4
9652,4,1
9653,4,2
9654,4,-1
10349,4,1
8793,4,18
9488,3,-16
1344,1,0
6821,4,8
4366,1,12
4709,4,0
10374,1,19
10375,1,85
1089,3,-1
10376,1,0
10377,1,1
10378,1,1
10379,1,3
10374,3,15
10375,3,15
10381,3,4
10380,1,6
10382,3,0
10383,3,83
10380,3,3
8730,3,1
10384,1,0
10385,3,6
9548,4,2
2500,3,8
10386,3,20
10387,3,6
8974,3,0
8975,3,0
10388,3,1
10389,3,0
3661,3,1
10390,1,133
4682,3,100
6977,1,0
2021,1,1
2022,1,5
10391,1,0
10392,1,0
10393,1,0
10394,1,0
7646,3,300
7443,3,100
10395,1,0
10396,1,0
10397,1,0
10398,1,0
10399,1,0
10400,1,1
10401,1,1
10401,3,4
10400,3,17
2021,3,19
2022,3,24
10391,3,3
10394,3,92
10399,3,8
10395,3,14
10396,3,10
10398,3,8
10397,3,7
3736,4,-1
2704,1,-5
10402,1,0
10403,1,0
10404,1,1
10392,3,1
10405,1,5
10404,3,-1
10403,3,-1
10402,3,0
10405,3,4
5031,3,2
10131,3,4
377,4,100
293,4,5
5266,4,10
10341,3,6
434,3,0
7364,4,15
10267,4,-13
9565,3,-2
1746,4,-4
3609,3,-2
9808,3,1
10407,1,0
10406,1,1
10408,1,11
10409,1,136
10410,1,2
9731,3,0
9670,4,17
10409,3,21
10410,3,16
9863,2,1
10403,4,0
10320,4,3
10412,3,3
10411,3,5
9809,3,16
9810,3,8
9811,3,18
3182,3,0
9775,4,2
7862,4,2
10255,3,10
10413,1,-1
10414,1,0
10415,1,4
10413,3,4
8789,3,3
9558,3,-4
10415,3,2
4557,3,1
10393,3,2
10416,1,1
10417,1,0
10418,1,3
10419,1,0
9578,3,-5
10420,1,0
10417,3,0
10416,3,2
10420,3,3
10418,3,3
10421,1,3
10422,1,1
10423,1,4
10430,1,3
10424,1,10
10425,1,2
10426,1,5
10427,1,17
10428,1,5
10429,1,0
9568,3,-10
10391,4,3
940,3,0
10431,1,7
10432,1,0
10433,1,6
10434,1,6
10435,1,4
10436,1,15
10437,1,9
10438,1,3
10439,1,7
10440,1,0
10441,1,1
10442,1,0
10443,1,0
10444,1,1
10445,1,3
10446,1,3
10447,1,3
10448,1,1
10172,3,4
10445,3,3
10446,3,3
10447,3,2
10448,3,2
10444,3,1
10440,3,0
10439,3,0
10438,3,2
10437,3,2
10436,3,2
10435,3,1
10434,3,2
10433,3,3
10432,3,0
10441,3,1
10431,3,3
879,3,11
2672,4,3
10407,4,3
10347,4,0
6626,4,0
9774,3,0
513,3,1
10266,4,21
7984,4,5
517,3,-2
9937,3,3
9938,3,3
1194,3,-1
1106,3,-1
7767,3,0
7989,4,4
10449,1,7
9566,3,-5
10101,4,0
5909,4,0
10450,1,39
10451,1,42
10452,1,27
10453,1,49
10455,1,47
10454,1,42
10456,1,44
10457,1,42
10458,1,67
10459,1,38
10461,1,15
10460,1,63
10462,1,14
10463,1,42
10464,1,41
10465,1,23
3388,1,-1
10442,3,0
10432,4,2
10434,4,6
10435,4,2
10436,4,2
10433,4,3
9775,3,4
9776,3,4
1298,3,300
10469,1,2
10470,1,14
10471,1,13
10472,1,20
10270,4,6
10428,4,3
10272,4,3
10358,3,1
6324,4,7
1164,3,-1
10256,4,8
4319,3,2
5812,3,0
5862,3,-1
10473,1,0
176,4,6
10473,3,0
10474,3,-3
10475,3,20
10476,3,-59
10477,1,-105
8722,3,0
10466,1,0
10467,1,0
10478,1,3
10479,1,3
10480,1,2
10481,1,0
10482,1,1
10483,1,5
10484,1,7
10485,1,0
10099,3,1
10485,3,0
10484,3,2
10483,3,3
10481,3,1
7753,4,-6
9735,4,47
10305,4,5
10486,1,0
10487,1,0
10489,1,0
10488,1,0
10488,3,3
10486,3,2
10487,3,6
10489,3,6
6447,4,120
10376,4,1
10400,4,2
10486,4,6
10487,4,7
10489,4,4
10468,3,0
7883,3,21
7881,3,20
7882,3,20
8559,3,30
8560,3,26
6577,4,320
10212,4,9
10213,4,5
10214,4,3
10210,4,11
10209,4,7
10211,4,-3
10208,4,6
10206,4,5
10207,4,8
9284,4,4
10491,1,88
10490,1,2
10492,1,2
10493,1,0
10494,1,3
10495,1,0
10496,1,0
10497,1,0
10498,1,8
10499,1,7
10500,1,5
10501,1,0
10502,1,0
10503,1,35
9134,4,0
10280,4,0
9770,3,60
9771,3,20
10500,3,3
10501,3,0
10502,3,0
10499,3,1
10498,3,1
10490,3,3
10492,3,2
10493,3,2
10494,3,0
10495,3,3
10496,3,-1
10497,3,0
10493,4,2
10494,4,2
10490,4,2
10492,4,2
9968,3,1
9969,3,1
10269,3,0
9967,3,1
1499,3,-1
10306,4,3
10259,4,13
1031,4,6
7915,4,4
9929,4,5
9781,4,8
10397,4,6
10398,4,5
10395,4,6
10396,4,6
10205,4,0
10204,4,8
10203,4,4
10202,4,5
10201,4,2
10198,4,7
6216,3,-3
10506,1,7
10504,1,7
10505,1,6
10387,1,-5
9516,3,-8
10507,1,39
2275,1,-2
10507,3,15
9939,3,7
9550,4,7
1658,3,0
1147,1,-1
9713,4,0
9892,4,0
9591,4,0
10458,3,23
10465,3,6
2157,1,-1
10524,1,24
10525,1,34
10526,1,50
10527,1,58
10528,1,92
10529,1,51
10530,1,33
10531,1,0
9762,3,4
10524,3,25
7285,3,15
7297,3,15
10530,3,9
10529,3,10
10528,3,10
10527,3,15
10525,3,12
10526,3,33
10532,1,11
10067,3,6
10532,3,10
10533,1,18
10534,1,29
10535,1,5
10536,1,5
8425,4,7
10537,1,-55
10539,3,104
10538,3,14
10537,3,0
10536,3,5
7766,3,-3
6987,1,-2
10476,1,1
10540,1,5
10540,3,1
10541,1,110
8717,3,2
10541,3,6
10269,4,2
10281,4,2
10282,4,2
9531,4,1
9972,4,0
10283,4,2
1239,3,-10
10543,1,1
10544,1,12
10545,1,8
10546,1,0
10547,1,0
10548,1,0
1169,1,-2
1678,1,60
10515,1,0
10521,1,0
10517,1,0
10518,1,0
10519,1,0
10520,1,0
10522,1,0
10523,1,0
10514,1,0
10006,4,0
10543,3,2
10549,1,2
10550,1,4
10551,1,5
10552,1,0
10553,1,0
10554,1,6
10555,1,4
10556,1,0
10557,1,10
10558,1,0
10559,1,33
10560,1,31
10561,1,2
10562,1,0
10563,1,16
10564,1,2
9331,4,6
10087,4,18
9762,4,0
10099,4,2
10105,4,2
10449,4,3
10483,4,3
10418,4,1
10419,4,0
10420,4,0
10532,4,4
10440,4,1
10535,4,2
9981,4,1
9878,4,5
10550,3,0
10551,3,3
10552,3,1
10553,3,5
10554,3,6
10555,3,2
10556,3,1
10557,3,2
10558,3,3
10559,3,5
10560,3,4
10562,3,2
10561,3,1
10443,3,2
9597,3,1
10564,3,1
10563,3,9
10445,4,2
10446,4,2
10447,4,2
10448,4,2
10444,4,1
10443,4,1
9656,4,0
10550,4,6
10549,4,2
10544,3,6
10545,3,2
10546,3,0
10548,3,8
10547,3,0
9363,3,2
10019,3,4
10516,1,0
9777,3,0
10569,1,22
10570,1,32
10571,1,82
10572,1,39
10549,3,2
10573,1,0
1898,1,-10
10591,1,0
10590,1,0
10589,1,0
10588,1,0
10587,1,0
10586,1,0
10585,1,0
10584,1,0
10582,1,0
10583,1,0
10580,1,0
10581,1,0
10592,1,0
10574,1,0
10575,1,0
10576,1,0
10577,1,0
10579,1,0
10578,1,0
10592,3,3
10585,3,4
10573,3,2
10573,4,1
10488,4,2
10593,1,11
10593,3,1
10593,4,4
6977,4,3
10588,3,0
10588,4,1
10594,1,0
10594,3,6
10594,4,4
2021,4,3
2022,4,2
10584,3,2
10584,4,2
10589,3,1
10589,4,0
10585,4,3
10586,3,1
10586,4,3
10591,3,1
10591,4,0
10590,3,6
10590,4,4
10569,3,10
10570,3,10
10571,3,7
10572,3,5
1898,3,1
7109,3,25
10587,3,3
10582,3,2
10583,3,0
10580,3,5
10581,3,4
10574,3,0
10575,3,6
10577,3,5
10576,3,3
10579,3,1
10578,3,4
2689,3,3
10595,3,0
10597,3,0
10598,3,0
10509,1,0
10508,1,0
10510,1,-50
10511,1,-10
956,3,1
8900,4,6
8899,4,6
8678,3,-4
9526,3,0
10599,1,28
10600,1,0
10601,1,0
7372,4,0
9649,4,1
10600,3,1
6124,3,9
10599,3,10
10170,3,2
10313,3,2
9050,3,-5
1813,4,5
10558,4,5
10557,4,6
4550,3,0
10633,1,1
10634,1,10
10635,1,26
10636,1,0
10637,1,32
10638,1,8
9554,1,14
3646,1,4
10390,3,31
10295,3,4
10296,3,19
10297,3,11
10298,3,1
8075,3,7
3646,3,1
10221,3,1
10491,3,7
9965,3,1
9945,3,1
9944,3,2
9940,3,2
10633,3,0
5218,4,0
10635,3,4
7440,4,200
5735,3,0
454,3,0
10639,1,196
10640,1,39
10641,1,0
10642,1,4
10643,3,0
10619,1,295
10620,1,78
9479,3,-11
10644,1,35
10645,1,51
10646,1,-5
10647,1,5
10648,1,0
10649,1,0
10650,1,0
10651,1,2
10652,1,0
10653,1,29
10654,1,2
10655,1,4
10656,1,39
10657,1,38
10658,1,28
10659,1,29
10660,1,16
10661,1,22
10644,3,9
10645,3,10
10646,3,1
10647,3,9
10648,3,7
10649,3,26
10650,3,13
10651,3,2
10652,3,5
10653,3,20
10654,3,9
10655,3,5
10656,3,10
10657,3,10
10658,3,11
10659,3,10
10660,3,6
10661,3,19
10667,1,0
10665,1,6
10666,1,0
10664,1,0
10663,1,0
10662,1,0
10665,3,12
10666,3,8
10662,3,4
10663,3,1
10664,3,1
10667,3,3
7452,3,7
3057,4,4
10478,4,5
10668,1,-5
10669,1,5
1684,3,200
10668,3,12
10671,1,14
10672,1,1
1245,1,-2
10673,1,-38
10674,1,47
10675,1,0
10672,3,0
10676,1,2
10677,1,0
10678,1,32
10679,1,1
10678,3,32
10174,3,36
10674,3,18
10646,4,-3
10186,4,173
10680,1,3
10681,1,146
10682,1,229
10683,1,27
10684,1,20
10685,1,102
10686,1,147
9089,3,-4
10670,1,-21
10698,1,48
10687,1,1
10688,1,25
10689,1,15
10690,1,15
10691,1,1
10692,1,2
10693,1,4
10694,1,5
10695,1,9
10696,1,2
10697,1,3
10699,1,9
10700,1,1
10701,1,3
10702,1,0
10703,1,0
10704,1,17
10705,1,6
10706,1,2
10707,1,1
10708,1,2
10709,1,0
10710,1,0
10711,1,8
10712,1,4
10713,1,9
10714,1,3
10715,1,8
10716,1,11
10717,1,2
10718,1,74
10719,1,114
10720,1,-2
10721,1,46
10722,1,12
10723,1,0
10724,1,30
10725,1,4
10726,1,1
10727,1,30
10728,1,1
10729,1,1000
9052,3,5
10730,1,0
10731,1,39
10732,1,10
10733,1,38
10734,1,34
10735,1,11
10736,1,64
10730,3,0
10728,3,2
10727,3,6
10726,3,1
10725,3,2
10724,3,10
10723,3,0
10722,3,4
10721,3,20
10720,3,20
10719,3,20
10718,3,19
10717,3,4
10716,3,5
10715,3,4
10714,3,2
10713,3,12
10712,3,10
10711,3,12
10710,3,8
10709,3,10
10708,3,1
10707,3,0
10706,3,1
10704,3,15
10703,3,0
10702,3,0
10701,3,0
10700,3,1
10699,3,5
10696,3,4
10694,3,3
10695,3,2
10693,3,1
10061,3,4
10692,3,2
10691,3,2
10690,3,5
10689,3,5
10688,3,5
10687,3,1
10104,4,1
10678,4,17
10726,4,1
10728,4,1
1166,4,3
10737,1,29
10738,1,0
10739,1,1
10740,1,-3
10741,1,18
10742,1,7
10274,4,1
10742,3,3
9702,3,19
9698,3,16
10739,3,14
10738,3,17
10740,3,2
10256,3,12
10641,3,3
10743,1,0
1686,4,100
10754,1,3
10743,3,50
10449,3,6
10743,4,29
9887,4,3
9881,4,0
10744,1,4
10745,1,6
10746,1,0
10747,1,8
10748,1,7
10749,1,0
10750,1,0
10751,1,10
10752,1,3
10755,1,16
10756,1,7
10757,1,8
10758,1,6
10759,1,0
10760,1,0
10761,1,1
10759,3,1
9710,3,6
10760,3,5
10761,3,1
10754,3,3
6737,3,-1
10762,1,200
10763,1,400
10764,1,66
10744,3,2
10746,3,3
10747,3,6
10748,3,5
10749,3,4
10750,3,0
10751,3,4
10752,3,4
10755,3,5
10756,3,7
10757,3,5
10758,3,6
10390,4,12
10765,1,81
10766,1,19
10767,1,42
10768,1,23
10769,1,97
10770,1,104
10771,1,15
10772,1,1
7450,3,0
10772,3,2
10774,1,3
10773,1,1
10775,1,6
10776,1,9
10777,1,8
10778,1,11
10779,1,4
10780,1,10
10369,3,6
10773,3,0
10775,3,3
10776,3,2
10777,3,2
10010,3,4
10011,3,2
10012,3,3
10013,3,3
10778,3,4
10779,3,3
10780,3,4
10781,1,300
10782,1,300
8683,3,-1
4672,4,50
10639,4,13
9935,4,0
10738,4,0
10639,3,20
10783,1,4
10784,1,8
10407,3,3
10406,3,2
4615,3,0
10670,3,-4
9364,3,3
2941,3,-1
1145,3,-2
10785,1,0
10786,1,21
10787,1,2
10788,1,22
10789,1,28
10785,3,0
10786,3,10
10787,3,5
6133,1,-3
8820,4,7
10221,4,3
9424,4,2
10377,4,8
10790,1,12
10791,1,1
8387,3,0
10790,3,5
10791,3,2
8265,3,9
6878,3,19
8340,3,10
10792,1,7
10793,1,4
1103,1,-1
10032,3,19
10033,3,17
10792,3,2
10793,3,1
9499,3,15
10505,3,3
10794,1,32
10043,3,2
10794,3,9
10795,1,0
10796,1,8
10797,1,10
10798,1,10
10799,1,115
10800,1,40
10801,1,118
10802,1,136
10803,1,2
10804,1,182
10805,1,10
10806,1,7
10807,1,1
10799,3,15
1512,1,3
10739,4,1
10666,4,7
10106,4,0
10805,3,4
10806,3,3
10807,3,-2
10808,1,4
10809,1,8
10810,1,6
10811,1,15
10812,1,15
10813,1,15
10814,1,6
10815,1,2
10816,1,3
10817,1,3
10818,1,1
10809,3,2
10478,3,3
10774,3,1
10480,3,2
10810,3,2
7909,3,10
10815,3,2
10813,3,5
10811,3,5
10812,3,5
10814,3,6
10818,3,1
10056,3,2
9959,3,4
5034,3,3
9803,3,3
10054,3,1
10052,3,3
10135,3,3
10819,1,0
10820,1,5
9598,3,2
10820,3,3
10819,3,1
10821,1,43
10821,3,3
10705,3,2
10822,1,0
10823,1,0
10824,1,0
1959,1,0
10825,1,0
10826,1,0
10827,1,0
10828,1,0
4461,3,0
10829,1,0
10830,1,0
10831,1,0
10832,1,0
10833,1,0
10834,1,0
10835,1,0
10836,1,0
10837,1,0
10838,1,0
10839,1,0
10840,1,0
10841,1,0
10842,1,0
10843,1,1
10844,1,2
10824,3,1
10828,3,2
10830,3,18
10840,3,5
10841,3,4
10827,3,6
10842,3,4
10837,3,8
10833,3,12
10825,3,1
10823,3,3
10838,3,6
10831,3,16
10839,3,1
10332,3,5
10832,3,13
10826,3,3
1959,3,4
10835,3,11
10836,3,14
10829,3,20
10843,3,1
10844,3,2
10834,3,15
10837,4,1
2065,4,1
10827,4,3
10830,4,7
10833,4,3
10828,4,1
10840,4,7
6982,4,0
10841,4,2
10842,4,5
9352,1,-2
10823,4,4
10392,4,0
10831,4,3
10587,4,2
10826,4,2
1959,4,2
10829,4,5
10844,4,1
10843,4,0
10832,4,6
10825,4,0
10836,4,4
10667,4,1
10834,4,5
10401,4,4
10835,4,7
10838,4,0
10665,4,12
10839,4,5
10822,3,4
10069,3,4
10816,3,2
10817,3,2
7022,4,-1
10845,1,-1
4320,3,-1
10846,1,10
7514,3,-2
9319,1,49
6384,4,-1
10617,3,-8
6286,1,-2
10675,3,1
9052,4,3
7441,4,200
7088,4,5
2723,4,2
10620,4,32
10847,1,40
10848,1,40
10849,1,40
10850,1,40
10851,1,40
10852,1,64
10853,1,27
10854,1,12
10853,3,3
10854,3,5
10850,3,10
10851,3,10
10847,3,10
10848,3,10
10849,3,10
10855,1,14
10855,3,15
8618,3,-1
5866,3,-1
10856,1,0
10857,1,0
1038,3,0
10680,3,8
3445,3,0
10414,3,1
3445,1,0
10644,4,5
10859,1,2
10860,1,3
10861,1,1420
10861,3,170
10806,4,6
10805,4,6
10807,4,3
6235,3,-1
10862,1,5
10863,1,13
10864,1,0
10865,1,0
10862,3,3
10863,3,5
10864,3,0
10866,1,25
8651,3,0
10867,1,20
10868,1,-1
10869,1,1
10870,1,30
10871,1,10
10872,1,0
10873,1,0
10617,1,0
3438,4,2
10874,1,216
10875,1,29
10872,3,8
10873,3,6
10869,3,6
10868,3,8
10870,3,10
10051,4,0
2191,3,-1
10879,1,1
10880,1,3
10881,1,3
10882,1,10
10883,1,10
10884,1,57
10885,1,17
10884,3,3
10885,3,5
10888,1,-3
6088,3,-10
10889,1,13
1630,3,-1
10889,3,8
10472,3,5
10470,3,5
9180,3,-2
10890,1,6
10891,1,6
10892,1,64
10887,1,142
10886,1,86
10893,1,7
10894,1,33
10895,1,25
10890,3,8
10895,3,8
10894,3,10
10044,3,3
10038,3,2
10893,3,0
10892,3,18
10891,3,3
10896,1,6
10897,1,10
1169,3,-1
10898,1,0
10680,4,12
10899,1,0
4478,1,0
2881,3,-2
10900,1,0
10901,1,0
10902,1,0
1647,3,2
10903,1,3
2114,1,2
6713,1,0
10904,1,0
10905,1,0
10906,1,0
10907,1,30
10901,3,3
10899,3,3
10908,1,0
10909,1,0
10910,1,1
10902,3,4
10900,3,9
10905,3,2
10906,3,0
6713,3,1
10910,3,2
10338,3,8
10898,3,1
10908,3,0
2114,3,1
10903,3,2
10905,4,1
10906,4,0
10580,4,1
10581,4,1
10899,4,2
10901,4,2
10902,4,1
7598,4,1
7599,4,1
8023,4,200
4889,3,-1
8957,3,0
10904,3,1
10912,1,0
10913,1,2
10914,1,1
10915,1,35
10916,1,0
10917,1,3
10918,1,0
10921,1,0
10919,1,3
10920,1,2
10922,1,2
10923,1,0
10383,1,-10
10924,1,153
10745,3,3
10923,3,2
10912,3,0
10913,3,2
10914,3,8
10915,3,5
10916,3,4
10917,3,3
10918,3,2
10921,3,4
10919,3,4
10920,3,3
10922,3,1
5784,3,0
10925,1,8
10926,1,4
1639,1,5
10927,1,10
10928,1,15
10929,1,6
9973,3,5
10928,3,5
10930,1,3
10931,1,8
10932,1,8
10788,4,0
6882,3,10
10930,3,3
10934,1,60
8669,4,2
7338,1,0
10936,3,95
10937,3,99
10938,3,102
10935,3,94
10939,3,2
10942,3,2
10943,3,4
10529,4,6
10537,4,1
10647,4,5
10911,1,-4
8054,4,0
8052,4,0
8053,4,0
10944,1,2
10945,1,0
10946,1,7
6020,1,-1
9873,4,5
6829,4,2
4973,3,0
9897,4,0
1700,3,0
10946,3,2
10944,3,4
10945,3,0
10947,3,0
10640,3,4
10768,3,0
10948,1,6
10949,1,7
10950,1,8
10951,1,10
10343,4,0
6228,4,2
3607,1,1
10949,3,4
10948,3,4
10344,4,1
10952,1,4
10513,1,100
10797,3,4
10953,1,3
10952,3,2
10535,3,1
10958,3,0
8474,4,2
9056,4,9
2826,1,-1
7084,2,0
7081,2,0
3160,2,0
4114,2,0
7089,2,0
5457,2,0
3547,1,7
8431,3,-1
4892,4,0
10686,3,17
10962,1,3
10963,1,6
10964,1,9
10965,1,9
10966,1,6
10967,1,0
10968,1,0
10969,1,0
10970,1,0
2139,1,0
10971,1,0
10972,1,2
10973,1,0
10957,1,0
10954,1,0
10955,1,0
8136,4,3
10668,4,4
8532,4,7
10636,4,10
10808,3,2
10972,3,0
10968,3,84
10969,3,8
2139,3,3
10967,3,0
10971,3,8
10973,3,0
10970,3,4
10960,1,0
10962,3,2
10964,3,3
10965,3,3
10972,4,0
10969,4,4
2139,4,2
10967,4,1
10971,4,4
10576,4,2
10973,4,1
10970,4,2
10923,4,0
10686,4,14
10175,4,0
10409,4,22
10410,4,10
10078,4,1
10575,4,1
10574,4,0
10243,4,0
10910,4,1
10908,4,0
8753,4,1
10974,1,10
10975,1,8
6024,3,1
5340,3,1
10961,1,7
10441,4,0
8114,1,0
10977,1,15
10978,1,11
10979,1,1
10980,1,8
10981,1,4
10982,1,0
10980,3,4
10982,3,0
10979,3,5
10977,3,5
10978,3,4
10981,3,3
10983,1,557
10984,1,7
10985,1,14
10983,3,80
10984,3,26
10985,3,3
28,4,-1
10986,1,118
10987,1,86
10988,1,3
10989,1,29
10990,1,6
10991,1,2
10993,1,2
10992,1,1
10996,1,2
11007,1,0
11008,1,4
11000,1,1
11001,1,4
11002,1,1
11003,1,4
11004,1,2
11005,1,3
10999,1,7
10994,1,15
10995,1,16
10997,1,27
10998,1,13
11006,1,0
9438,3,10
10989,3,10
10990,3,2
10991,3,2
10993,3,1
10992,3,1
10996,3,2
11007,3,3
11008,3,2
11003,3,3
11004,3,1
11005,3,3
10994,3,9
10995,3,5
10997,3,3
10998,3,5
11006,3,1
11009,1,2
11010,1,7
11011,1,0
11012,1,6
11013,1,2
11014,1,7
11015,1,1
11016,1,2
7091,4,6
11011,3,3
11010,3,6
11014,3,6
11016,3,5
11015,3,3
11013,3,0
11009,3,5
9545,3,2
9546,3,2
10940,3,9
10681,3,20
11017,1,1
11018,1,32
11017,3,3
9360,3,1
9112,3,-6
10729,3,-25
10896,3,0
11019,1,10
11020,1,7
11021,1,10
11022,1,9
11023,1,0
11024,1,0
11025,1,0
8036,4,7
11019,3,3
11020,3,6
11021,3,5
11022,3,3
11023,3,6
11024,3,5
11025,3,5
11026,1,21
11027,1,22
11028,1,24
11029,1,3
11030,1,3
11031,1,0
11032,1,5
11033,1,124
11034,1,5
10399,4,3
6035,4,1
11012,3,10
11035,1,0
11036,1,0
11037,1,0
11038,1,1
11035,3,4
11036,3,4
11038,3,1
10677,3,2
11037,3,7
11027,3,3
11028,3,6
11029,3,1
11030,3,1
11031,3,1
11032,3,1
11033,3,19
11034,3,1
10166,4,2
11039,1,0
9554,4,11
10741,3,0
9499,4,8
5903,3,0
1156,3,-1
11017,4,1
10952,4,1
1355,4,1
1321,4,0
11000,4,2
11001,4,4
11002,4,3
11003,4,2
11004,4,0
11005,4,1
8066,3,1
3835,1,-1
10538,4,3
10939,4,2
10582,4,1
10583,4,0
11038,4,1
11036,4,1
11035,4,1
5577,4,0
9888,4,2
11037,4,3
11040,3,0
11041,3,2
11042,3,0
11042,4,2
11040,4,1
10940,4,3
11041,4,2
10938,4,5
10937,4,5
10936,4,5
10935,4,5
10539,4,5
10003,4,4
9827,4,2
9682,4,2
9683,4,2
9681,4,2
11044,1,6
9630,3,4
11045,3,131
11046,3,10
11047,3,2
11048,3,1
11047,4,0
11048,4,1
7052,3,0
442,3,-1
11049,1,24
11050,1,1
11051,1,2
11052,1,0
9885,3,-2
11050,3,1
11052,3,1
11051,3,2
86,2,20
10543,4,5
9841,4,2
9840,4,2
9839,4,2
10682,3,16
10682,4,10
10314,4,5
11053,3,1
11054,1,5
11055,1,1
11056,1,4
11057,1,8
11054,3,4
11055,3,2
11058,1,8
10861,4,60
11059,1,14
11060,1,36
4557,4,1
11061,1,6
9353,3,6
11058,3,2
11062,1,9
11063,1,100
11060,3,11
11064,1,71
11065,1,59
11061,3,3
5606,3,-1
6534,4,3
213,4,0
8287,3,0
11039,3,0
4277,3,-1
520,3,-1
4666,4,0
10183,4,27
11045,1,0
11066,1,2
11067,1,0
11068,1,0
11069,1,3
11070,1,0
11066,3,1
7083,4,5
11068,3,60
10853,4,4
5009,3,4
6304,3,1
3822,3,14
7388,3,3
7577,3,0
4996,3,-2
1215,1,-1
6036,4,3
8166,4,1
9233,3,-1
4724,4,-1
10681,4,20
1353,3,0
10618,1,0
10302,4,4
10884,4,5
10885,4,3
1354,4,1
1320,4,1
6355,4,36
11071,1,10
8126,3,0
11072,1,94
11073,1,1
11074,1,7
11075,1,15
5648,4,10
363,3,10
364,3,10
9834,4,3
9835,4,2
9836,4,3
10369,4,3
10773,4,2
11071,3,5
144,3,-1
10607,1,0
1152,3,-1
5886,3,0
9085,4,2
10789,3,4
11073,3,2
11074,3,1
11075,3,5
9608,3,5
9898,4,2
11076,1,59
11077,1,2
11078,1,15
11079,1,1
11080,1,8
11081,1,5
11082,1,20
11083,1,4
3820,4,5
8972,3,-1
11083,3,2
11085,1,30
7595,3,-1
8687,3,-1
11086,1,18
11088,1,5
11089,1,0
11090,1,0
11087,1,3
11091,1,7
11092,1,1
11093,1,3
11094,1,7
11095,1,7
11096,1,4
11045,4,70
8755,3,4
11086,3,4
11088,3,1
11089,3,3
11090,3,3
11087,3,4
11091,3,3
11092,3,3
11093,3,1
11094,3,3
11095,3,3
11096,3,6
10287,4,6
4138,3,-25
3818,3,-1
11073,4,3
11097,1,84
11098,1,12
11099,1,0
11100,1,10
11101,1,10
11102,1,45
11103,1,176
11103,3,15
9199,4,15
9090,4,5
10685,3,0
10675,4,2
11054,4,5
10526,4,10
11104,1,15
11105,1,32
11106,1,14
11107,1,13
11108,1,14
9715,4,-1
10408,3,5
11108,3,9
11107,3,8
11106,3,5
11105,3,5
11104,3,5
6394,3,0
11109,1,6
11110,1,0
11111,1,0
11112,1,1
11113,1,0
11114,1,0
11115,1,0
11124,1,0
11116,1,1
11117,1,2
11118,1,0
11119,1,10
11120,1,4
11121,1,4
11122,1,0
11123,1,1
11125,1,15
7876,4,0
9220,4,0
11119,3,10
11120,3,6
11121,3,6
11116,3,3
11117,3,2
11118,3,0
11124,3,64
11114,3,3
11115,3,2
11113,3,4
6273,3,2
11111,3,22
11110,3,8
11109,3,3
10959,1,0
2420,4,13
11115,4,3
11114,4,3
11109,4,1
11118,4,0
11117,4,0
10071,4,2
11110,4,4
11113,4,6
10822,4,3
11116,4,1
11111,4,11
11000,3,3
11002,3,2
8794,3,-1
10818,4,1
8789,4,2
1487,4,2
10416,4,2
9879,4,2
11089,4,2
10240,4,4
11090,4,4
9189,4,2
9136,4,2
10669,4,3
11066,4,1
11126,1,9
11126,3,3
11127,1,40
11122,3,18
4614,3,-1
11128,1,5
11129,1,12
3870,4,15
10802,3,0
11122,4,5
10927,3,3
1116,1,-1
5263,4,30
10804,4,20
11130,1,183
11131,1,754
9518,3,0
10635,4,6
11132,1,900
11132,3,100
1084,1,-1
5651,4,5
9696,3,-1
11133,1,-2
10852,3,3
10987,3,10
10804,3,20
3347,1,0
10808,4,3
10182,4,96
10674,4,12
11134,1,6
11135,1,20
11136,1,6
11137,1,6
9607,3,-2
11136,3,4
11137,3,4
4183,1,4
8426,4,5
11139,1,55
11140,1,158
4015,3,-2
10694,4,5
